year,state_name,county_name,yield,area_planted,field_count,is_omitted
2022,KANSAS,ALLEN,53.5,12100,0,0
2021,KANSAS,ALLEN,54.9,13800,2,0
2020,KANSAS,ALLEN,49.7,0,1,1
2019,KANSAS,ALLEN,44.5,4300,1,0
2018,KANSAS,ALLEN,0.0,0,0,1
2017,KANSAS,ALLEN,0.0,0,0,1
2016,KANSAS,ALLEN,0.0,0,0,1
2015,KANSAS,ALLEN,41.1,24800,0,0
2014,KANSAS,ALLEN,46.5,19000,0,0
2013,KANSAS,ALLEN,47.6,30300,2,0
2012,KANSAS,ALLEN,0.0,0,0,1
2011,KANSAS,ALLEN,34.3,18000,0,0
2010,KANSAS,ALLEN,0.0,0,0,1
2009,KANSAS,ALLEN,32.0,20500,0,0
2008,KANSAS,ALLEN,29.5,42700,2,0
2007,KANSAS,ALLEN,11.0,40200,0,0
2006,KANSAS,ALLEN,41.0,30200,0,0
2005,KANSAS,ALLEN,25.0,15600,0,0
2004,KANSAS,ALLEN,36.0,41000,0,0
2003,KANSAS,ALLEN,49.0,40000,0,0
2022,KANSAS,ANDERSON,0.0,0,0,1
2021,KANSAS,ANDERSON,39.8,11500,0,0
2020,KANSAS,ANDERSON,45.3,2300,0,0
2019,KANSAS,ANDERSON,37.7,2500,0,0
2018,KANSAS,ANDERSON,44.6,6100,0,0
2017,KANSAS,ANDERSON,51.9,4400,0,0
2016,KANSAS,ANDERSON,47.0,12100,1,0
2015,KANSAS,ANDERSON,36.2,15400,1,0
2014,KANSAS,ANDERSON,45.6,17700,2,0
2013,KANSAS,ANDERSON,55.5,28100,2,0
2012,KANSAS,ANDERSON,57.1,20000,0,0
2011,KANSAS,ANDERSON,40.2,14000,1,0
2010,KANSAS,ANDERSON,0.0,0,0,1
2009,KANSAS,ANDERSON,31.0,8400,0,0
2008,KANSAS,ANDERSON,26.0,32100,2,0
2007,KANSAS,ANDERSON,20.0,39000,0,0
2006,KANSAS,ANDERSON,43.0,27900,0,0
2005,KANSAS,ANDERSON,29.0,14100,0,0
2004,KANSAS,ANDERSON,40.0,39800,0,0
2003,KANSAS,ANDERSON,57.0,34500,0,0
2022,KANSAS,ATCHISON,58.7,1900,0,0
2021,KANSAS,ATCHISON,50.6,1500,0,0
2020,KANSAS,ATCHISON,38.2,1300,0,0
2019,KANSAS,ATCHISON,37.0,1600,0,0
2018,KANSAS,ATCHISON,42.5,1500,0,0
2017,KANSAS,ATCHISON,49.8,1300,0,0
2016,KANSAS,ATCHISON,41.4,0,1,1
2015,KANSAS,ATCHISON,33.0,2100,0,0
2014,KANSAS,ATCHISON,52.9,3200,0,0
2013,KANSAS,ATCHISON,55.6,4500,2,0
2012,KANSAS,ATCHISON,0.0,0,0,1
2011,KANSAS,ATCHISON,39.6,2600,0,0
2010,KANSAS,ATCHISON,30.5,2700,0,0
2009,KANSAS,ATCHISON,44.0,4500,0,0
2008,KANSAS,ATCHISON,31.5,9100,0,0
2007,KANSAS,ATCHISON,25.0,11500,0,0
2006,KANSAS,ATCHISON,50.0,8300,0,0
2005,KANSAS,ATCHISON,37.0,9700,0,0
2004,KANSAS,ATCHISON,46.0,14300,0,0
2003,KANSAS,ATCHISON,62.0,9800,0,0
2022,KANSAS,BARBER,28.0,111000,2,0
2021,KANSAS,BARBER,43.0,107500,2,0
2020,KANSAS,BARBER,48.0,108500,2,0
2019,KANSAS,BARBER,42.2,0,2,1
2018,KANSAS,BARBER,36.4,0,2,1
2017,KANSAS,BARBER,30.6,0,2,1
2016,KANSAS,BARBER,24.8,0,2,1
2015,KANSAS,BARBER,19.1,0,2,1
2014,KANSAS,BARBER,13.3,123600,2,0
2013,KANSAS,BARBER,30.8,126700,2,0
2012,KANSAS,BARBER,39.9,129000,2,0
2011,KANSAS,BARBER,30.3,123000,2,0
2010,KANSAS,BARBER,39.6,123000,2,0
2009,KANSAS,BARBER,33.0,124000,2,0
2008,KANSAS,BARBER,43.0,124000,2,0
2007,KANSAS,BARBER,26.0,127700,0,0
2006,KANSAS,BARBER,25.0,129500,0,0
2005,KANSAS,BARBER,35.0,134700,0,0
2004,KANSAS,BARBER,36.0,131600,0,0
2003,KANSAS,BARBER,55.0,130100,0,0
2022,KANSAS,BARTON,40.2,143000,2,0
2021,KANSAS,BARTON,53.1,136000,2,0
2020,KANSAS,BARTON,48.4,139500,2,0
2019,KANSAS,BARTON,45.7,129800,2,0
2018,KANSAS,BARTON,43.5,155900,2,0
2017,KANSAS,BARTON,52.0,144100,2,0
2016,KANSAS,BARTON,55.9,150400,2,0
2015,KANSAS,BARTON,40.8,158500,2,0
2014,KANSAS,BARTON,27.6,165100,2,0
2013,KANSAS,BARTON,33.4,174400,2,0
2012,KANSAS,BARTON,32.8,165600,2,0
2011,KANSAS,BARTON,33.1,161300,2,0
2010,KANSAS,BARTON,43.1,160200,2,0
2009,KANSAS,BARTON,44.0,154500,2,0
2008,KANSAS,BARTON,38.0,170000,2,0
2007,KANSAS,BARTON,23.0,176100,0,0
2006,KANSAS,BARTON,33.0,172700,0,0
2005,KANSAS,BARTON,44.0,174700,0,0
2004,KANSAS,BARTON,34.0,168800,0,0
2003,KANSAS,BARTON,56.0,169300,0,0
2022,KANSAS,BOURBON,49.6,8300,0,0
2021,KANSAS,BOURBON,53.2,6900,1,0
2020,KANSAS,BOURBON,52.9,1500,0,0
2019,KANSAS,BOURBON,0.0,0,0,1
2018,KANSAS,BOURBON,41.2,2400,0,0
2017,KANSAS,BOURBON,52.2,3100,1,0
2016,KANSAS,BOURBON,57.2,6800,1,0
2015,KANSAS,BOURBON,47.4,6600,0,0
2014,KANSAS,BOURBON,47.4,8800,0,0
2013,KANSAS,BOURBON,46.5,12300,1,0
2012,KANSAS,BOURBON,55.1,9200,1,0
2011,KANSAS,BOURBON,40.0,6700,0,0
2010,KANSAS,BOURBON,21.5,2000,0,0
2009,KANSAS,BOURBON,24.0,5400,0,0
2008,KANSAS,BOURBON,37.0,11100,1,0
2007,KANSAS,BOURBON,22.0,13100,0,0
2006,KANSAS,BOURBON,45.0,10400,0,0
2005,KANSAS,BOURBON,38.0,3900,0,0
2004,KANSAS,BOURBON,38.0,12900,0,0
2003,KANSAS,BOURBON,54.0,13500,0,0
2022,KANSAS,BROWN,77.8,2100,1,0
2021,KANSAS,BROWN,57.1,2200,0,0
2020,KANSAS,BROWN,46.5,1500,0,0
2019,KANSAS,BROWN,48.1,2300,0,0
2018,KANSAS,BROWN,0.0,0,0,1
2017,KANSAS,BROWN,65.8,1600,0,0
2016,KANSAS,BROWN,59.8,2300,0,0
2015,KANSAS,BROWN,42.0,3900,1,0
2014,KANSAS,BROWN,51.2,4000,1,0
2013,KANSAS,BROWN,57.8,5100,2,0
2012,KANSAS,BROWN,52.1,3900,1,0
2011,KANSAS,BROWN,51.1,4900,1,0
2010,KANSAS,BROWN,49.5,5500,2,0
2009,KANSAS,BROWN,43.0,6600,1,0
2008,KANSAS,BROWN,38.5,10500,1,0
2007,KANSAS,BROWN,36.0,13900,0,0
2006,KANSAS,BROWN,59.0,8900,0,0
2005,KANSAS,BROWN,51.0,9900,0,0
2004,KANSAS,BROWN,58.0,15300,0,0
2003,KANSAS,BROWN,80.0,12200,0,0
2022,KANSAS,BUTLER,48.7,36400,2,0
2021,KANSAS,BUTLER,49.3,36500,2,0
2020,KANSAS,BUTLER,49.3,30000,2,0
2019,KANSAS,BUTLER,45.0,27500,1,0
2018,KANSAS,BUTLER,42.9,35300,2,0
2017,KANSAS,BUTLER,44.2,0,1,1
2016,KANSAS,BUTLER,45.5,46700,2,0
2015,KANSAS,BUTLER,42.6,53700,1,0
2014,KANSAS,BUTLER,31.1,53100,2,0
2013,KANSAS,BUTLER,58.2,55100,2,0
2012,KANSAS,BUTLER,50.9,53600,2,0
2011,KANSAS,BUTLER,31.9,36000,2,0
2010,KANSAS,BUTLER,33.1,27500,2,0
2009,KANSAS,BUTLER,33.0,48500,2,0
2008,KANSAS,BUTLER,42.0,58800,2,0
2007,KANSAS,BUTLER,19.0,67500,0,0
2006,KANSAS,BUTLER,36.0,56800,0,0
2005,KANSAS,BUTLER,29.0,52700,0,0
2004,KANSAS,BUTLER,47.0,57300,0,0
2003,KANSAS,BUTLER,41.0,64500,0,0
2022,KANSAS,CHASE,49.7,8300,0,0
2021,KANSAS,CHASE,54.2,8700,1,0
2020,KANSAS,CHASE,50.8,8100,1,0
2019,KANSAS,CHASE,40.9,6600,1,0
2018,KANSAS,CHASE,42.4,6300,0,0
2017,KANSAS,CHASE,50.8,6800,2,0
2016,KANSAS,CHASE,48.3,10000,2,0
2015,KANSAS,CHASE,46.0,10500,2,0
2014,KANSAS,CHASE,44.5,13300,1,0
2013,KANSAS,CHASE,47.9,0,2,1
2012,KANSAS,CHASE,51.3,11900,2,0
2011,KANSAS,CHASE,35.7,7900,2,0
2010,KANSAS,CHASE,35.3,6600,0,0
2009,KANSAS,CHASE,38.0,9200,2,0
2008,KANSAS,CHASE,36.0,10700,2,0
2007,KANSAS,CHASE,23.0,14800,0,0
2006,KANSAS,CHASE,37.0,11700,0,0
2005,KANSAS,CHASE,32.0,12000,0,0
2004,KANSAS,CHASE,45.0,12000,0,0
2003,KANSAS,CHASE,51.0,11700,0,0
2022,KANSAS,CHAUTAUQUA,46.7,2400,1,0
2021,KANSAS,CHAUTAUQUA,36.8,2300,1,0
2020,KANSAS,CHAUTAUQUA,40.0,2000,2,0
2019,KANSAS,CHAUTAUQUA,0.0,0,0,1
2018,KANSAS,CHAUTAUQUA,32.9,3300,0,0
2017,KANSAS,CHAUTAUQUA,54.6,3200,0,0
2016,KANSAS,CHAUTAUQUA,45.6,3200,0,0
2015,KANSAS,CHAUTAUQUA,44.2,4200,1,0
2014,KANSAS,CHAUTAUQUA,45.1,0,1,1
2013,KANSAS,CHAUTAUQUA,46.0,7000,2,0
2012,KANSAS,CHAUTAUQUA,45.7,5000,2,0
2011,KANSAS,CHAUTAUQUA,35.5,3000,1,0
2010,KANSAS,CHAUTAUQUA,22.4,1800,0,0
2009,KANSAS,CHAUTAUQUA,19.0,3300,1,0
2008,KANSAS,CHAUTAUQUA,33.5,3800,1,0
2007,KANSAS,CHAUTAUQUA,10.0,2600,0,0
2006,KANSAS,CHAUTAUQUA,35.0,1500,0,0
2005,KANSAS,CHAUTAUQUA,25.0,3000,0,0
2004,KANSAS,CHAUTAUQUA,28.0,5200,0,0
2003,KANSAS,CHAUTAUQUA,41.0,7200,0,0
2022,KANSAS,CHEROKEE,63.3,56200,0,0
2021,KANSAS,CHEROKEE,59.8,54300,0,0
2020,KANSAS,CHEROKEE,40.8,32900,0,0
2019,KANSAS,CHEROKEE,54.5,35300,0,0
2018,KANSAS,CHEROKEE,54.0,49800,0,0
2017,KANSAS,CHEROKEE,0.0,0,0,1
2016,KANSAS,CHEROKEE,60.9,58600,0,0
2015,KANSAS,CHEROKEE,48.4,58600,2,0
2014,KANSAS,CHEROKEE,51.6,57400,0,0
2013,KANSAS,CHEROKEE,54.8,75000,2,0
2012,KANSAS,CHEROKEE,51.6,68500,0,0
2011,KANSAS,CHEROKEE,42.5,51500,0,0
2010,KANSAS,CHEROKEE,0.0,0,0,1
2009,KANSAS,CHEROKEE,37.0,54500,0,0
2008,KANSAS,CHEROKEE,42.0,73800,1,0
2007,KANSAS,CHEROKEE,13.0,80100,0,0
2006,KANSAS,CHEROKEE,35.0,75400,0,0
2005,KANSAS,CHEROKEE,44.0,49100,0,0
2004,KANSAS,CHEROKEE,44.0,76700,0,0
2003,KANSAS,CHEROKEE,57.0,77300,0,0
2022,KANSAS,CHEYENNE,34.1,103500,2,0
2021,KANSAS,CHEYENNE,56.2,103500,2,0
2020,KANSAS,CHEYENNE,43.2,95000,2,0
2019,KANSAS,CHEYENNE,60.9,113600,2,0
2018,KANSAS,CHEYENNE,46.7,116200,2,0
2017,KANSAS,CHEYENNE,55.4,111900,2,0
2016,KANSAS,CHEYENNE,46.6,0,2,1
2015,KANSAS,CHEYENNE,37.8,137400,2,0
2014,KANSAS,CHEYENNE,33.3,129300,2,0
2013,KANSAS,CHEYENNE,25.7,123600,2,0
2012,KANSAS,CHEYENNE,57.0,118000,2,0
2011,KANSAS,CHEYENNE,54.0,126000,2,0
2010,KANSAS,CHEYENNE,58.1,126000,2,0
2009,KANSAS,CHEYENNE,50.0,138000,2,0
2008,KANSAS,CHEYENNE,44.5,131200,2,0
2007,KANSAS,CHEYENNE,47.0,151300,0,0
2006,KANSAS,CHEYENNE,20.0,135900,0,0
2005,KANSAS,CHEYENNE,21.0,158900,0,0
2004,KANSAS,CHEYENNE,18.0,141600,0,0
2003,KANSAS,CHEYENNE,32.0,158700,0,0
2022,KANSAS,CLARK,27.2,62500,2,0
2021,KANSAS,CLARK,49.4,62800,2,0
2020,KANSAS,CLARK,48.1,63300,2,0
2019,KANSAS,CLARK,57.3,68300,2,0
2018,KANSAS,CLARK,32.6,70700,2,0
2017,KANSAS,CLARK,43.9,76400,2,0
2016,KANSAS,CLARK,52.8,75200,2,0
2015,KANSAS,CLARK,41.4,77300,2,0
2014,KANSAS,CLARK,26.8,0,2,1
2013,KANSAS,CLARK,12.2,72900,2,0
2012,KANSAS,CLARK,24.8,77000,2,0
2011,KANSAS,CLARK,24.4,72500,2,0
2010,KANSAS,CLARK,38.7,74500,2,0
2009,KANSAS,CLARK,32.0,77000,2,0
2008,KANSAS,CLARK,33.5,71900,2,0
2007,KANSAS,CLARK,32.0,75400,0,0
2006,KANSAS,CLARK,26.0,75300,0,0
2005,KANSAS,CLARK,45.0,76900,0,0
2004,KANSAS,CLARK,28.0,73400,0,0
2003,KANSAS,CLARK,45.0,76900,0,0
2022,KANSAS,CLAY,39.8,46700,2,0
2021,KANSAS,CLAY,53.9,43900,2,0
2020,KANSAS,CLAY,50.7,43200,2,0
2019,KANSAS,CLAY,46.0,0,2,1
2018,KANSAS,CLAY,41.2,57700,2,0
2017,KANSAS,CLAY,55.8,55300,2,0
2016,KANSAS,CLAY,56.4,70300,2,0
2015,KANSAS,CLAY,46.0,0,2,1
2014,KANSAS,CLAY,35.5,80600,2,0
2013,KANSAS,CLAY,51.7,81600,2,0
2012,KANSAS,CLAY,46.4,78800,2,0
2011,KANSAS,CLAY,41.7,78500,2,0
2010,KANSAS,CLAY,47.8,68200,2,0
2009,KANSAS,CLAY,52.0,83000,2,0
2008,KANSAS,CLAY,42.5,87300,2,0
2007,KANSAS,CLAY,28.0,96300,0,0
2006,KANSAS,CLAY,41.0,85900,0,0
2005,KANSAS,CLAY,38.0,89600,0,0
2004,KANSAS,CLAY,54.0,91300,0,0
2003,KANSAS,CLAY,65.0,97800,0,0
2022,KANSAS,CLOUD,43.1,59000,2,0
2021,KANSAS,CLOUD,51.2,50800,2,0
2020,KANSAS,CLOUD,43.5,54300,2,0
2019,KANSAS,CLOUD,46.0,0,2,1
2018,KANSAS,CLOUD,48.5,0,2,1
2017,KANSAS,CLOUD,51.0,76600,2,0
2016,KANSAS,CLOUD,42.6,0,2,1
2015,KANSAS,CLOUD,34.1,0,2,1
2014,KANSAS,CLOUD,25.7,110200,2,0
2013,KANSAS,CLOUD,51.2,112300,2,0
2012,KANSAS,CLOUD,46.1,110400,2,0
2011,KANSAS,CLOUD,42.4,113700,2,0
2010,KANSAS,CLOUD,47.7,113000,2,0
2009,KANSAS,CLOUD,47.0,114500,2,0
2008,KANSAS,CLOUD,44.5,126000,2,0
2007,KANSAS,CLOUD,29.0,125600,0,0
2006,KANSAS,CLOUD,46.0,116500,0,0
2005,KANSAS,CLOUD,45.0,119700,0,0
2004,KANSAS,CLOUD,50.0,116100,0,0
2003,KANSAS,CLOUD,63.0,115800,0,0
2022,KANSAS,COFFEY,42.6,12300,1,0
2021,KANSAS,COFFEY,41.0,13100,2,0
2020,KANSAS,COFFEY,45.4,9600,0,0
2019,KANSAS,COFFEY,36.6,5200,0,0
2018,KANSAS,COFFEY,49.2,8900,0,0
2017,KANSAS,COFFEY,55.5,9800,0,0
2016,KANSAS,COFFEY,0.0,0,0,1
2015,KANSAS,COFFEY,41.3,16700,1,0
2014,KANSAS,COFFEY,48.1,0,2,1
2013,KANSAS,COFFEY,54.8,32800,2,0
2012,KANSAS,COFFEY,51.0,21000,2,0
2011,KANSAS,COFFEY,35.4,15500,1,0
2010,KANSAS,COFFEY,0.0,0,0,1
2009,KANSAS,COFFEY,33.0,14700,0,0
2008,KANSAS,COFFEY,30.5,0,1,1
2007,KANSAS,COFFEY,28.0,36600,0,0
2006,KANSAS,COFFEY,42.0,25600,0,0
2005,KANSAS,COFFEY,30.0,20500,0,0
2004,KANSAS,COFFEY,40.0,36000,0,0
2003,KANSAS,COFFEY,58.0,31200,0,0
2022,KANSAS,COMANCHE,17.1,47600,2,0
2021,KANSAS,COMANCHE,40.0,50800,2,0
2020,KANSAS,COMANCHE,42.2,51100,2,0
2019,KANSAS,COMANCHE,44.3,50500,2,0
2018,KANSAS,COMANCHE,21.0,39300,2,0
2017,KANSAS,COMANCHE,45.2,41100,2,0
2016,KANSAS,COMANCHE,41.7,44900,2,0
2015,KANSAS,COMANCHE,41.5,45600,2,0
2014,KANSAS,COMANCHE,14.5,50700,2,0
2013,KANSAS,COMANCHE,20.2,59800,2,0
2012,KANSAS,COMANCHE,21.9,0,2,1
2011,KANSAS,COMANCHE,23.6,61000,2,0
2010,KANSAS,COMANCHE,35.5,60800,2,0
2009,KANSAS,COMANCHE,30.0,60000,2,0
2008,KANSAS,COMANCHE,32.0,61800,2,0
2007,KANSAS,COMANCHE,22.0,64400,0,0
2006,KANSAS,COMANCHE,19.0,71100,0,0
2005,KANSAS,COMANCHE,38.0,73400,0,0
2004,KANSAS,COMANCHE,31.0,70800,0,0
2003,KANSAS,COMANCHE,52.0,71700,0,0
2022,KANSAS,COWLEY,41.0,72300,2,0
2021,KANSAS,COWLEY,49.0,70800,2,0
2020,KANSAS,COWLEY,48.1,62600,2,0
2019,KANSAS,COWLEY,35.0,57700,2,0
2018,KANSAS,COWLEY,37.7,0,2,1
2017,KANSAS,COWLEY,40.4,0,2,1
2016,KANSAS,COWLEY,43.1,80100,2,0
2015,KANSAS,COWLEY,28.9,88100,2,0
2014,KANSAS,COWLEY,34.0,87600,2,0
2013,KANSAS,COWLEY,50.8,98700,2,0
2012,KANSAS,COWLEY,49.9,87900,2,0
2011,KANSAS,COWLEY,30.2,70000,2,0
2010,KANSAS,COWLEY,35.3,51800,2,0
2009,KANSAS,COWLEY,28.0,82000,2,0
2008,KANSAS,COWLEY,38.0,93100,2,0
2007,KANSAS,COWLEY,14.0,92100,0,0
2006,KANSAS,COWLEY,33.0,89900,0,0
2005,KANSAS,COWLEY,34.0,76900,0,0
2004,KANSAS,COWLEY,40.0,90300,0,0
2003,KANSAS,COWLEY,39.0,100700,0,0
2022,KANSAS,CRAWFORD,55.7,25900,0,0
2021,KANSAS,CRAWFORD,64.3,31400,0,0
2020,KANSAS,CRAWFORD,45.9,7500,0,0
2019,KANSAS,CRAWFORD,43.3,12500,0,0
2018,KANSAS,CRAWFORD,0.0,0,0,1
2017,KANSAS,CRAWFORD,54.1,18200,0,0
2016,KANSAS,CRAWFORD,56.3,26600,0,0
2015,KANSAS,CRAWFORD,57.6,0,2,1
2014,KANSAS,CRAWFORD,58.9,0,1,1
2013,KANSAS,CRAWFORD,0.0,0,0,1
2012,KANSAS,CRAWFORD,61.6,32200,0,0
2011,KANSAS,CRAWFORD,39.5,21000,1,0
2010,KANSAS,CRAWFORD,30.8,4300,0,0
2009,KANSAS,CRAWFORD,37.0,19800,0,0
2008,KANSAS,CRAWFORD,38.0,34600,0,0
2007,KANSAS,CRAWFORD,18.0,44900,0,0
2006,KANSAS,CRAWFORD,34.0,42100,0,0
2005,KANSAS,CRAWFORD,43.0,16200,0,0
2004,KANSAS,CRAWFORD,41.0,40700,0,0
2003,KANSAS,CRAWFORD,50.0,42300,0,0
2022,KANSAS,DECATUR,28.0,88400,2,0
2021,KANSAS,DECATUR,60.3,86700,2,0
2020,KANSAS,DECATUR,43.7,73900,2,0
2019,KANSAS,DECATUR,59.9,92300,2,0
2018,KANSAS,DECATUR,57.9,0,2,1
2017,KANSAS,DECATUR,55.9,88700,2,0
2016,KANSAS,DECATUR,62.2,100800,2,0
2015,KANSAS,DECATUR,31.1,108900,2,0
2014,KANSAS,DECATUR,28.2,109500,2,0
2013,KANSAS,DECATUR,26.4,106600,2,0
2012,KANSAS,DECATUR,49.7,104000,2,0
2011,KANSAS,DECATUR,47.8,107000,2,0
2010,KANSAS,DECATUR,50.1,101500,2,0
2009,KANSAS,DECATUR,57.0,111500,2,0
2008,KANSAS,DECATUR,41.5,110000,2,0
2007,KANSAS,DECATUR,49.0,114200,0,0
2006,KANSAS,DECATUR,27.0,115700,0,0
2005,KANSAS,DECATUR,43.0,136200,0,0
2004,KANSAS,DECATUR,17.0,121000,0,0
2003,KANSAS,DECATUR,41.0,125800,0,0
2022,KANSAS,DICKINSON,42.2,121000,2,0
2021,KANSAS,DICKINSON,56.6,123500,2,0
2020,KANSAS,DICKINSON,48.3,121000,2,0
2019,KANSAS,DICKINSON,39.5,0,2,1
2018,KANSAS,DICKINSON,30.7,131500,2,0
2017,KANSAS,DICKINSON,58.5,118300,2,0
2016,KANSAS,DICKINSON,57.9,137100,2,0
2015,KANSAS,DICKINSON,46.6,140000,2,0
2014,KANSAS,DICKINSON,34.2,152900,2,0
2013,KANSAS,DICKINSON,56.9,153400,2,0
2012,KANSAS,DICKINSON,49.8,147900,2,0
2011,KANSAS,DICKINSON,45.6,135900,2,0
2010,KANSAS,DICKINSON,43.6,121500,2,0
2009,KANSAS,DICKINSON,50.0,149000,2,0
2008,KANSAS,DICKINSON,49.5,157500,2,0
2007,KANSAS,DICKINSON,18.0,159600,0,0
2006,KANSAS,DICKINSON,44.0,151000,0,0
2005,KANSAS,DICKINSON,39.0,152200,0,0
2004,KANSAS,DICKINSON,48.0,151300,0,0
2003,KANSAS,DICKINSON,65.0,156300,0,0
2022,KANSAS,DONIPHAN,0.0,0,0,1
2021,KANSAS,DONIPHAN,0.0,0,0,1
2020,KANSAS,DONIPHAN,0.0,0,0,1
2019,KANSAS,DONIPHAN,0.0,0,1,1
2018,KANSAS,DONIPHAN,0.0,0,0,1
2017,KANSAS,DONIPHAN,0.0,0,0,1
2016,KANSAS,DONIPHAN,0.0,0,0,1
2015,KANSAS,DONIPHAN,0.0,0,0,1
2014,KANSAS,DONIPHAN,0.0,0,0,1
2013,KANSAS,DONIPHAN,0.0,0,0,1
2012,KANSAS,DONIPHAN,0.0,0,0,1
2011,KANSAS,DONIPHAN,0.0,0,0,1
2010,KANSAS,DONIPHAN,0.0,0,0,1
2009,KANSAS,DONIPHAN,0.0,0,0,1
2008,KANSAS,DONIPHAN,0.0,0,0,1
2007,KANSAS,DONIPHAN,0.0,3000,0,0
2006,KANSAS,DONIPHAN,69.0,1700,0,0
2005,KANSAS,DONIPHAN,49.0,1700,0,0
2004,KANSAS,DONIPHAN,60.0,4700,0,0
2003,KANSAS,DONIPHAN,67.0,2700,0,0
2022,KANSAS,DOUGLAS,44.7,2400,0,0
2021,KANSAS,DOUGLAS,43.7,5000,0,0
2020,KANSAS,DOUGLAS,46.4,2300,1,0
2019,KANSAS,DOUGLAS,37.8,4000,1,0
2018,KANSAS,DOUGLAS,43.8,3200,0,0
2017,KANSAS,DOUGLAS,46.3,2700,0,0
2016,KANSAS,DOUGLAS,38.6,0,1,1
2015,KANSAS,DOUGLAS,30.9,4600,1,0
2014,KANSAS,DOUGLAS,44.8,5800,1,0
2013,KANSAS,DOUGLAS,54.4,9600,2,0
2012,KANSAS,DOUGLAS,42.7,6300,0,0
2011,KANSAS,DOUGLAS,37.0,4000,1,0
2010,KANSAS,DOUGLAS,39.4,1900,0,0
2009,KANSAS,DOUGLAS,36.0,6000,0,0
2008,KANSAS,DOUGLAS,29.0,8600,2,0
2007,KANSAS,DOUGLAS,25.0,12300,0,0
2006,KANSAS,DOUGLAS,45.0,5300,0,0
2005,KANSAS,DOUGLAS,35.0,4500,0,0
2004,KANSAS,DOUGLAS,46.0,12500,0,0
2003,KANSAS,DOUGLAS,64.0,9000,0,0
2022,KANSAS,EDWARDS,31.9,94000,2,0
2021,KANSAS,EDWARDS,58.1,90000,2,0
2020,KANSAS,EDWARDS,52.0,90100,2,0
2019,KANSAS,EDWARDS,47.0,93300,2,0
2018,KANSAS,EDWARDS,36.9,98700,2,0
2017,KANSAS,EDWARDS,52.3,101800,2,0
2016,KANSAS,EDWARDS,48.0,0,2,1
2015,KANSAS,EDWARDS,43.7,110200,2,0
2014,KANSAS,EDWARDS,32.8,112900,2,0
2013,KANSAS,EDWARDS,31.2,113600,2,0
2012,KANSAS,EDWARDS,43.4,112000,2,0
2011,KANSAS,EDWARDS,35.5,106000,2,0
2010,KANSAS,EDWARDS,44.2,99300,2,0
2009,KANSAS,EDWARDS,42.5,105500,2,0
2008,KANSAS,EDWARDS,40.5,107100,2,0
2007,KANSAS,EDWARDS,32.0,121900,0,0
2006,KANSAS,EDWARDS,24.0,113800,0,0
2005,KANSAS,EDWARDS,40.0,113300,0,0
2004,KANSAS,EDWARDS,37.0,107300,0,0
2003,KANSAS,EDWARDS,49.0,109900,0,0
2022,KANSAS,ELK,50.0,5100,0,0
2021,KANSAS,ELK,56.3,6800,0,0
2020,KANSAS,ELK,0.0,0,0,1
2019,KANSAS,ELK,0.0,0,0,1
2018,KANSAS,ELK,43.4,4000,1,0
2017,KANSAS,ELK,54.1,2900,1,0
2016,KANSAS,ELK,40.7,4500,2,0
2015,KANSAS,ELK,36.8,0,2,1
2014,KANSAS,ELK,32.8,6000,0,0
2013,KANSAS,ELK,51.2,7900,1,0
2012,KANSAS,ELK,36.0,5800,1,0
2011,KANSAS,ELK,32.9,3900,0,0
2010,KANSAS,ELK,24.1,2200,0,0
2009,KANSAS,ELK,22.0,4300,1,0
2008,KANSAS,ELK,28.0,6200,0,0
2007,KANSAS,ELK,13.0,9400,0,0
2006,KANSAS,ELK,31.0,4500,0,0
2005,KANSAS,ELK,31.0,3400,0,0
2004,KANSAS,ELK,30.0,6600,0,0
2003,KANSAS,ELK,40.0,7000,0,0
2022,KANSAS,ELLIS,47.0,81500,2,0
2021,KANSAS,ELLIS,46.9,0,2,1
2020,KANSAS,ELLIS,46.7,83900,2,0
2019,KANSAS,ELLIS,46.5,80500,2,0
2018,KANSAS,ELLIS,32.5,88100,2,0
2017,KANSAS,ELLIS,42.1,0,2,1
2016,KANSAS,ELLIS,51.6,94900,2,0
2015,KANSAS,ELLIS,32.9,96000,2,0
2014,KANSAS,ELLIS,19.9,100500,2,0
2013,KANSAS,ELLIS,28.8,100000,2,0
2012,KANSAS,ELLIS,36.0,101600,2,0
2011,KANSAS,ELLIS,34.4,103600,2,0
2010,KANSAS,ELLIS,46.8,105000,2,0
2009,KANSAS,ELLIS,43.0,103000,2,0
2008,KANSAS,ELLIS,44.5,113000,2,0
2007,KANSAS,ELLIS,32.0,109800,0,0
2006,KANSAS,ELLIS,16.0,115200,0,0
2005,KANSAS,ELLIS,36.0,117500,0,0
2004,KANSAS,ELLIS,37.0,115500,0,0
2003,KANSAS,ELLIS,47.0,111800,0,0
2022,KANSAS,ELLSWORTH,43.4,72400,2,0
2021,KANSAS,ELLSWORTH,46.7,73000,2,0
2020,KANSAS,ELLSWORTH,44.1,73200,2,0
2019,KANSAS,ELLSWORTH,48.6,70600,2,0
2018,KANSAS,ELLSWORTH,45.1,81100,2,0
2017,KANSAS,ELLSWORTH,49.5,79600,2,0
2016,KANSAS,ELLSWORTH,42.8,0,2,1
2015,KANSAS,ELLSWORTH,36.0,83600,2,0
2014,KANSAS,ELLSWORTH,27.3,88500,2,0
2013,KANSAS,ELLSWORTH,34.3,0,2,1
2012,KANSAS,ELLSWORTH,41.3,89500,2,0
2011,KANSAS,ELLSWORTH,36.2,85500,2,0
2010,KANSAS,ELLSWORTH,43.9,87400,2,0
2009,KANSAS,ELLSWORTH,48.0,95500,2,0
2008,KANSAS,ELLSWORTH,39.0,104500,2,0
2007,KANSAS,ELLSWORTH,19.0,103900,0,0
2006,KANSAS,ELLSWORTH,29.0,105300,0,0
2005,KANSAS,ELLSWORTH,44.0,100600,0,0
2004,KANSAS,ELLSWORTH,50.0,98100,0,0
2003,KANSAS,ELLSWORTH,58.0,96600,0,0
2022,KANSAS,FINNEY,30.6,139500,2,0
2021,KANSAS,FINNEY,66.5,159500,2,0
2020,KANSAS,FINNEY,40.7,104500,2,0
2019,KANSAS,FINNEY,40.8,0,2,1
2018,KANSAS,FINNEY,40.8,0,2,1
2017,KANSAS,FINNEY,40.9,0,2,1
2016,KANSAS,FINNEY,40.9,0,2,1
2015,KANSAS,FINNEY,41.0,173300,2,0
2014,KANSAS,FINNEY,25.5,177100,2,0
2013,KANSAS,FINNEY,23.9,173500,2,0
2012,KANSAS,FINNEY,29.1,192000,2,0
2011,KANSAS,FINNEY,27.3,165500,2,0
2010,KANSAS,FINNEY,55.9,157000,2,0
2009,KANSAS,FINNEY,51.0,176500,2,0
2008,KANSAS,FINNEY,43.5,160600,2,0
2007,KANSAS,FINNEY,50.0,168800,0,0
2006,KANSAS,FINNEY,26.0,170700,0,0
2005,KANSAS,FINNEY,46.0,176000,0,0
2004,KANSAS,FINNEY,33.0,164600,0,0
2003,KANSAS,FINNEY,40.0,176500,0,0
2022,KANSAS,FORD,40.1,0,2,1
2021,KANSAS,FORD,40.1,0,2,1
2020,KANSAS,FORD,51.2,158500,2,0
2019,KANSAS,FORD,45.1,0,2,1
2018,KANSAS,FORD,39.0,163800,2,0
2017,KANSAS,FORD,52.5,171100,2,0
2016,KANSAS,FORD,66.3,172700,2,0
2015,KANSAS,FORD,37.9,185200,2,0
2014,KANSAS,FORD,26.5,194700,2,0
2013,KANSAS,FORD,23.8,185800,2,0
2012,KANSAS,FORD,37.7,193000,2,0
2011,KANSAS,FORD,33.3,177000,2,0
2010,KANSAS,FORD,51.0,176500,2,0
2009,KANSAS,FORD,42.0,177500,2,0
2008,KANSAS,FORD,38.5,177200,2,0
2007,KANSAS,FORD,37.0,187200,0,0
2006,KANSAS,FORD,31.0,184500,0,0
2005,KANSAS,FORD,44.0,195800,0,0
2004,KANSAS,FORD,34.0,189300,0,0
2003,KANSAS,FORD,46.0,215800,0,0
2022,KANSAS,FRANKLIN,48.9,6900,0,0
2021,KANSAS,FRANKLIN,47.8,7900,2,0
2020,KANSAS,FRANKLIN,41.7,3400,0,0
2019,KANSAS,FRANKLIN,42.2,4400,0,0
2018,KANSAS,FRANKLIN,54.6,3200,0,0
2017,KANSAS,FRANKLIN,47.4,3600,0,0
2016,KANSAS,FRANKLIN,45.1,9400,0,0
2015,KANSAS,FRANKLIN,39.9,14400,1,0
2014,KANSAS,FRANKLIN,47.4,12900,0,0
2013,KANSAS,FRANKLIN,51.4,0,2,1
2012,KANSAS,FRANKLIN,55.3,16700,0,0
2011,KANSAS,FRANKLIN,37.9,10500,2,0
2010,KANSAS,FRANKLIN,35.0,600,0,0
2009,KANSAS,FRANKLIN,36.0,6100,1,0
2008,KANSAS,FRANKLIN,0.0,0,0,1
2007,KANSAS,FRANKLIN,20.0,28000,0,0
2006,KANSAS,FRANKLIN,45.0,16100,0,0
2005,KANSAS,FRANKLIN,30.0,9000,0,0
2004,KANSAS,FRANKLIN,47.0,24900,0,0
2003,KANSAS,FRANKLIN,55.0,24600,0,0
2022,KANSAS,GEARY,47.8,6700,2,0
2021,KANSAS,GEARY,54.2,8000,2,0
2020,KANSAS,GEARY,49.7,0,2,1
2019,KANSAS,GEARY,45.1,7500,2,0
2018,KANSAS,GEARY,32.6,7200,2,0
2017,KANSAS,GEARY,58.3,6300,2,0
2016,KANSAS,GEARY,54.4,9900,2,0
2015,KANSAS,GEARY,43.9,10900,2,0
2014,KANSAS,GEARY,45.2,9900,2,0
2013,KANSAS,GEARY,57.5,12100,2,0
2012,KANSAS,GEARY,41.9,12400,2,0
2011,KANSAS,GEARY,45.9,11500,2,0
2010,KANSAS,GEARY,39.8,8900,2,0
2009,KANSAS,GEARY,50.0,9300,2,0
2008,KANSAS,GEARY,43.0,10200,2,0
2007,KANSAS,GEARY,21.0,18100,0,0
2006,KANSAS,GEARY,47.0,13900,0,0
2005,KANSAS,GEARY,34.0,15300,0,0
2004,KANSAS,GEARY,48.0,15700,0,0
2003,KANSAS,GEARY,71.0,16100,0,0
2022,KANSAS,GOVE,38.4,98800,2,0
2021,KANSAS,GOVE,60.9,86000,2,0
2020,KANSAS,GOVE,41.5,75000,2,0
2019,KANSAS,GOVE,59.0,135400,2,0
2018,KANSAS,GOVE,37.2,87200,2,0
2017,KANSAS,GOVE,47.4,0,2,1
2016,KANSAS,GOVE,57.5,107100,2,0
2015,KANSAS,GOVE,31.1,113700,2,0
2014,KANSAS,GOVE,32.0,115800,2,0
2013,KANSAS,GOVE,31.3,116700,2,0
2012,KANSAS,GOVE,50.4,108500,2,0
2011,KANSAS,GOVE,38.3,104000,2,0
2010,KANSAS,GOVE,47.3,109500,2,0
2009,KANSAS,GOVE,50.0,104000,2,0
2008,KANSAS,GOVE,36.0,113500,2,0
2007,KANSAS,GOVE,45.0,111900,0,0
2006,KANSAS,GOVE,17.0,109000,0,0
2005,KANSAS,GOVE,37.0,126300,0,0
2004,KANSAS,GOVE,20.0,123900,0,0
2003,KANSAS,GOVE,49.0,126200,0,0
2022,KANSAS,GRAHAM,40.0,64200,2,0
2021,KANSAS,GRAHAM,57.2,66100,2,0
2020,KANSAS,GRAHAM,43.2,62700,2,0
2019,KANSAS,GRAHAM,43.1,0,2,1
2018,KANSAS,GRAHAM,43.0,0,2,1
2017,KANSAS,GRAHAM,42.9,0,2,1
2016,KANSAS,GRAHAM,42.8,0,2,1
2015,KANSAS,GRAHAM,42.7,0,2,1
2014,KANSAS,GRAHAM,42.6,0,2,1
2013,KANSAS,GRAHAM,42.5,0,2,1
2012,KANSAS,GRAHAM,42.5,84500,2,0
2011,KANSAS,GRAHAM,38.5,84000,2,0
2010,KANSAS,GRAHAM,46.1,81900,2,0
2009,KANSAS,GRAHAM,50.0,80500,2,0
2008,KANSAS,GRAHAM,32.5,83000,2,0
2007,KANSAS,GRAHAM,33.0,84600,0,0
2006,KANSAS,GRAHAM,19.0,92100,0,0
2005,KANSAS,GRAHAM,41.0,93500,0,0
2004,KANSAS,GRAHAM,16.0,96000,0,0
2003,KANSAS,GRAHAM,44.0,96500,0,0
2022,KANSAS,GRANT,29.9,82200,2,0
2021,KANSAS,GRANT,45.9,87300,2,0
2020,KANSAS,GRANT,39.5,52700,2,0
2019,KANSAS,GRANT,50.1,80000,2,0
2018,KANSAS,GRANT,43.7,0,2,1
2017,KANSAS,GRANT,37.3,78200,2,0
2016,KANSAS,GRANT,58.5,94900,2,0
2015,KANSAS,GRANT,33.5,100000,2,0
2014,KANSAS,GRANT,27.7,108600,2,0
2013,KANSAS,GRANT,21.6,94700,2,0
2012,KANSAS,GRANT,31.5,110000,2,0
2011,KANSAS,GRANT,35.6,98500,2,0
2010,KANSAS,GRANT,49.1,85600,2,0
2009,KANSAS,GRANT,33.0,113500,2,0
2008,KANSAS,GRANT,40.5,0,2,1
2007,KANSAS,GRANT,48.0,92900,0,0
2006,KANSAS,GRANT,26.0,81900,0,0
2005,KANSAS,GRANT,48.0,93700,0,0
2004,KANSAS,GRANT,32.0,77800,0,0
2003,KANSAS,GRANT,37.0,106000,0,0
2022,KANSAS,GRAY,39.4,118500,2,0
2021,KANSAS,GRAY,42.4,0,2,1
2020,KANSAS,GRAY,45.0,103500,2,0
2019,KANSAS,GRAY,55.1,126300,2,0
2018,KANSAS,GRAY,54.6,0,2,1
2017,KANSAS,GRAY,54.2,122300,2,0
2016,KANSAS,GRAY,76.1,122400,2,0
2015,KANSAS,GRAY,46.6,143800,2,0
2014,KANSAS,GRAY,26.7,137700,2,0
2013,KANSAS,GRAY,26.6,138700,2,0
2012,KANSAS,GRAY,33.3,142100,2,0
2011,KANSAS,GRAY,31.4,124500,2,0
2010,KANSAS,GRAY,54.3,124900,2,0
2009,KANSAS,GRAY,48.5,146500,2,0
2008,KANSAS,GRAY,38.0,130900,2,0
2007,KANSAS,GRAY,49.0,143500,0,0
2006,KANSAS,GRAY,23.0,132900,0,0
2005,KANSAS,GRAY,48.0,147600,0,0
2004,KANSAS,GRAY,41.0,131900,0,0
2003,KANSAS,GRAY,41.0,147900,0,0
2022,KANSAS,GREELEY,34.5,155000,2,0
2021,KANSAS,GREELEY,42.9,161500,2,0
2020,KANSAS,GREELEY,38.8,139000,2,0
2019,KANSAS,GREELEY,66.5,161000,2,0
2018,KANSAS,GREELEY,46.5,0,2,1
2017,KANSAS,GREELEY,26.4,164300,2,0
2016,KANSAS,GREELEY,55.2,170900,2,0
2015,KANSAS,GREELEY,26.3,190400,2,0
2014,KANSAS,GREELEY,25.8,233400,2,0
2013,KANSAS,GREELEY,16.3,160900,2,0
2012,KANSAS,GREELEY,34.2,183000,2,0
2011,KANSAS,GREELEY,22.3,187000,2,0
2010,KANSAS,GREELEY,45.4,171000,2,0
2009,KANSAS,GREELEY,35.0,180500,2,0
2008,KANSAS,GREELEY,31.5,160100,2,0
2007,KANSAS,GREELEY,52.0,187200,0,0
2006,KANSAS,GREELEY,27.0,175200,0,0
2005,KANSAS,GREELEY,30.0,189600,0,0
2004,KANSAS,GREELEY,15.0,179700,0,0
2003,KANSAS,GREELEY,35.0,225200,0,0
2022,KANSAS,GREENWOOD,41.9,5900,0,0
2021,KANSAS,GREENWOOD,49.4,6500,0,0
2020,KANSAS,GREENWOOD,45.6,2700,1,0
2019,KANSAS,GREENWOOD,48.5,2200,1,0
2018,KANSAS,GREENWOOD,53.1,4100,1,0
2017,KANSAS,GREENWOOD,52.3,2200,0,0
2016,KANSAS,GREENWOOD,44.4,6900,2,0
2015,KANSAS,GREENWOOD,43.0,8600,0,0
2014,KANSAS,GREENWOOD,44.6,7300,1,0
2013,KANSAS,GREENWOOD,55.5,9800,2,0
2012,KANSAS,GREENWOOD,0.0,0,0,1
2011,KANSAS,GREENWOOD,31.4,4300,0,0
2010,KANSAS,GREENWOOD,0.0,0,0,1
2009,KANSAS,GREENWOOD,35.0,3700,2,0
2008,KANSAS,GREENWOOD,0.0,0,0,1
2007,KANSAS,GREENWOOD,17.0,12000,0,0
2006,KANSAS,GREENWOOD,42.0,5800,0,0
2005,KANSAS,GREENWOOD,33.0,5300,0,0
2004,KANSAS,GREENWOOD,42.0,8500,0,0
2003,KANSAS,GREENWOOD,48.0,8000,0,0
2022,KANSAS,HAMILTON,24.9,113000,2,0
2021,KANSAS,HAMILTON,38.1,135000,2,0
2020,KANSAS,HAMILTON,36.6,100100,2,0
2019,KANSAS,HAMILTON,67.3,112200,2,0
2018,KANSAS,HAMILTON,48.9,0,2,1
2017,KANSAS,HAMILTON,30.5,118000,2,0
2016,KANSAS,HAMILTON,49.9,133200,2,0
2015,KANSAS,HAMILTON,20.5,140300,2,0
2014,KANSAS,HAMILTON,12.1,169300,2,0
2013,KANSAS,HAMILTON,14.6,132100,2,0
2012,KANSAS,HAMILTON,27.7,135000,2,0
2011,KANSAS,HAMILTON,17.4,132000,2,0
2010,KANSAS,HAMILTON,42.7,123500,2,0
2009,KANSAS,HAMILTON,28.0,160000,2,0
2008,KANSAS,HAMILTON,23.5,119600,2,0
2007,KANSAS,HAMILTON,46.0,150500,0,0
2006,KANSAS,HAMILTON,21.0,132600,0,0
2005,KANSAS,HAMILTON,34.0,147800,0,0
2004,KANSAS,HAMILTON,19.0,129600,0,0
2003,KANSAS,HAMILTON,30.0,157400,0,0
2022,KANSAS,HARPER,29.5,217500,2,0
2021,KANSAS,HARPER,45.1,210000,2,0
2020,KANSAS,HARPER,47.1,220000,2,0
2019,KANSAS,HARPER,34.5,0,2,1
2018,KANSAS,HARPER,21.9,215500,2,0
2017,KANSAS,HARPER,43.1,214000,2,0
2016,KANSAS,HARPER,46.4,226800,2,0
2015,KANSAS,HARPER,27.7,221300,2,0
2014,KANSAS,HARPER,12.6,213500,2,0
2013,KANSAS,HARPER,30.7,232700,2,0
2012,KANSAS,HARPER,40.3,240000,2,0
2011,KANSAS,HARPER,26.3,232000,2,0
2010,KANSAS,HARPER,35.7,231500,2,0
2009,KANSAS,HARPER,29.0,242000,2,0
2008,KANSAS,HARPER,37.0,244000,2,0
2007,KANSAS,HARPER,22.0,249300,0,0
2006,KANSAS,HARPER,24.0,256200,0,0
2005,KANSAS,HARPER,40.0,260200,0,0
2004,KANSAS,HARPER,37.0,254200,0,0
2003,KANSAS,HARPER,50.0,257900,0,0
2022,KANSAS,HARVEY,43.2,86600,2,0
2021,KANSAS,HARVEY,49.6,86500,2,0
2020,KANSAS,HARVEY,49.4,77000,2,0
2019,KANSAS,HARVEY,36.0,68700,2,0
2018,KANSAS,HARVEY,37.6,86100,2,0
2017,KANSAS,HARVEY,50.5,86000,2,0
2016,KANSAS,HARVEY,52.6,104600,2,0
2015,KANSAS,HARVEY,46.9,111300,2,0
2014,KANSAS,HARVEY,31.1,113800,2,0
2013,KANSAS,HARVEY,58.5,115900,2,0
2012,KANSAS,HARVEY,54.1,119500,2,0
2011,KANSAS,HARVEY,34.8,101000,2,0
2010,KANSAS,HARVEY,40.3,88800,2,0
2009,KANSAS,HARVEY,44.0,110500,2,0
2008,KANSAS,HARVEY,50.0,124000,2,0
2007,KANSAS,HARVEY,14.0,133700,0,0
2006,KANSAS,HARVEY,43.0,125300,0,0
2005,KANSAS,HARVEY,43.0,122000,0,0
2004,KANSAS,HARVEY,50.0,118500,0,0
2003,KANSAS,HARVEY,51.0,121300,0,0
2022,KANSAS,HASKELL,30.3,66900,2,0
2021,KANSAS,HASKELL,67.4,75300,2,0
2020,KANSAS,HASKELL,46.3,53700,2,0
2019,KANSAS,HASKELL,43.2,0,2,1
2018,KANSAS,HASKELL,40.0,0,2,1
2017,KANSAS,HASKELL,37.0,0,2,1
2016,KANSAS,HASKELL,33.9,0,2,1
2015,KANSAS,HASKELL,30.7,0,2,1
2014,KANSAS,HASKELL,27.6,0,2,1
2013,KANSAS,HASKELL,24.9,99300,2,0
2012,KANSAS,HASKELL,30.3,116900,2,0
2011,KANSAS,HASKELL,30.6,97500,2,0
2010,KANSAS,HASKELL,47.8,94300,2,0
2009,KANSAS,HASKELL,42.5,112000,2,0
2008,KANSAS,HASKELL,39.5,93200,2,0
2007,KANSAS,HASKELL,51.0,117600,0,0
2006,KANSAS,HASKELL,20.0,96900,0,0
2005,KANSAS,HASKELL,43.0,108300,0,0
2004,KANSAS,HASKELL,35.0,93400,0,0
2003,KANSAS,HASKELL,40.0,106800,0,0
2022,KANSAS,HODGEMAN,36.1,103500,2,0
2021,KANSAS,HODGEMAN,64.2,97800,2,0
2020,KANSAS,HODGEMAN,43.7,92700,2,0
2019,KANSAS,HODGEMAN,41.1,0,2,1
2018,KANSAS,HODGEMAN,38.5,0,2,1
2017,KANSAS,HODGEMAN,36.0,0,2,1
2016,KANSAS,HODGEMAN,33.4,0,2,1
2015,KANSAS,HODGEMAN,30.8,0,2,1
2014,KANSAS,HODGEMAN,28.2,118900,2,0
2013,KANSAS,HODGEMAN,24.9,119300,2,0
2012,KANSAS,HODGEMAN,32.4,115500,2,0
2011,KANSAS,HODGEMAN,24.4,108500,2,0
2010,KANSAS,HODGEMAN,50.1,105600,2,0
2009,KANSAS,HODGEMAN,44.0,107500,2,0
2008,KANSAS,HODGEMAN,39.0,113600,2,0
2007,KANSAS,HODGEMAN,42.0,115300,0,0
2006,KANSAS,HODGEMAN,20.0,113900,0,0
2005,KANSAS,HODGEMAN,39.0,116400,0,0
2004,KANSAS,HODGEMAN,31.0,114000,0,0
2003,KANSAS,HODGEMAN,41.0,125600,0,0
2022,KANSAS,JACKSON,59.5,2400,0,0
2021,KANSAS,JACKSON,45.4,1400,0,0
2020,KANSAS,JACKSON,45.1,0,1,1
2019,KANSAS,JACKSON,44.8,3300,0,0
2018,KANSAS,JACKSON,36.1,2100,0,0
2017,KANSAS,JACKSON,41.2,1300,1,0
2016,KANSAS,JACKSON,43.7,3600,1,0
2015,KANSAS,JACKSON,32.9,6200,0,0
2014,KANSAS,JACKSON,45.4,8000,0,0
2013,KANSAS,JACKSON,45.1,0,1,1
2012,KANSAS,JACKSON,44.7,4400,1,0
2011,KANSAS,JACKSON,38.3,4800,0,0
2010,KANSAS,JACKSON,35.5,2600,0,0
2009,KANSAS,JACKSON,38.0,4200,2,0
2008,KANSAS,JACKSON,30.5,11400,2,0
2007,KANSAS,JACKSON,23.0,14300,0,0
2006,KANSAS,JACKSON,48.0,9000,0,0
2005,KANSAS,JACKSON,39.0,11000,0,0
2004,KANSAS,JACKSON,52.0,14300,0,0
2003,KANSAS,JACKSON,61.0,11200,0,0
2022,KANSAS,JEFFERSON,59.0,1400,0,0
2021,KANSAS,JEFFERSON,57.9,2200,0,0
2020,KANSAS,JEFFERSON,42.9,900,0,0
2019,KANSAS,JEFFERSON,0.0,0,0,1
2018,KANSAS,JEFFERSON,48.3,1700,0,0
2017,KANSAS,JEFFERSON,39.0,1100,0,0
2016,KANSAS,JEFFERSON,41.3,2500,1,0
2015,KANSAS,JEFFERSON,32.4,3600,0,0
2014,KANSAS,JEFFERSON,0.0,0,0,1
2013,KANSAS,JEFFERSON,42.8,0,1,1
2012,KANSAS,JEFFERSON,48.1,3000,0,0
2011,KANSAS,JEFFERSON,40.7,1700,0,0
2010,KANSAS,JEFFERSON,30.4,700,1,0
2009,KANSAS,JEFFERSON,42.0,1900,0,0
2008,KANSAS,JEFFERSON,25.5,6300,2,0
2007,KANSAS,JEFFERSON,30.0,14200,0,0
2006,KANSAS,JEFFERSON,50.0,5200,0,0
2005,KANSAS,JEFFERSON,44.0,6200,0,0
2004,KANSAS,JEFFERSON,49.0,9600,0,0
2003,KANSAS,JEFFERSON,69.0,7300,0,0
2022,KANSAS,JEWELL,48.5,74600,2,0
2021,KANSAS,JEWELL,44.9,0,2,1
2020,KANSAS,JEWELL,41.3,72500,2,0
2019,KANSAS,JEWELL,35.4,0,2,1
2018,KANSAS,JEWELL,29.5,87500,2,0
2017,KANSAS,JEWELL,47.4,84100,2,0
2016,KANSAS,JEWELL,53.0,105100,2,0
2015,KANSAS,JEWELL,36.7,123600,2,0
2014,KANSAS,JEWELL,36.4,131000,2,0
2013,KANSAS,JEWELL,39.6,128100,2,0
2012,KANSAS,JEWELL,46.9,119800,2,0
2011,KANSAS,JEWELL,40.2,137600,2,0
2010,KANSAS,JEWELL,44.6,136000,2,0
2009,KANSAS,JEWELL,44.0,123000,2,0
2008,KANSAS,JEWELL,46.0,139500,2,0
2007,KANSAS,JEWELL,34.0,144400,0,0
2006,KANSAS,JEWELL,49.0,135900,0,0
2005,KANSAS,JEWELL,39.0,134200,0,0
2004,KANSAS,JEWELL,45.0,134600,0,0
2003,KANSAS,JEWELL,65.0,134100,0,0
2022,KANSAS,JOHNSON,0.0,0,0,1
2021,KANSAS,JOHNSON,45.6,0,2,1
2020,KANSAS,JOHNSON,45.0,1700,1,0
2019,KANSAS,JOHNSON,51.6,1300,0,0
2018,KANSAS,JOHNSON,0.0,0,0,1
2017,KANSAS,JOHNSON,69.3,2300,0,0
2016,KANSAS,JOHNSON,54.2,2300,1,0
2015,KANSAS,JOHNSON,0.0,0,0,1
2014,KANSAS,JOHNSON,49.7,4600,2,0
2013,KANSAS,JOHNSON,51.4,7300,2,0
2012,KANSAS,JOHNSON,57.2,3800,0,0
2011,KANSAS,JOHNSON,36.7,2100,1,0
2010,KANSAS,JOHNSON,33.4,1400,0,0
2009,KANSAS,JOHNSON,30.0,2400,0,0
2008,KANSAS,JOHNSON,0.0,0,0,1
2007,KANSAS,JOHNSON,27.0,8300,0,0
2006,KANSAS,JOHNSON,45.0,4200,0,0
2005,KANSAS,JOHNSON,32.0,1700,0,0
2004,KANSAS,JOHNSON,39.0,7900,0,0
2003,KANSAS,JOHNSON,60.0,9200,0,0
2022,KANSAS,KEARNY,35.0,93400,2,0
2021,KANSAS,KEARNY,48.6,103500,2,0
2020,KANSAS,KEARNY,39.0,85200,2,0
2019,KANSAS,KEARNY,39.9,0,2,1
2018,KANSAS,KEARNY,40.8,0,2,1
2017,KANSAS,KEARNY,41.7,111600,2,0
2016,KANSAS,KEARNY,64.7,119000,2,0
2015,KANSAS,KEARNY,41.5,0,2,1
2014,KANSAS,KEARNY,18.3,127900,2,0
2013,KANSAS,KEARNY,19.5,115400,2,0
2012,KANSAS,KEARNY,33.4,119500,2,0
2011,KANSAS,KEARNY,22.7,104500,2,0
2010,KANSAS,KEARNY,44.0,107600,2,0
2009,KANSAS,KEARNY,38.0,120000,2,0
2008,KANSAS,KEARNY,31.0,100700,2,0
2007,KANSAS,KEARNY,45.0,114500,0,0
2006,KANSAS,KEARNY,27.0,102500,0,0
2005,KANSAS,KEARNY,43.0,113200,0,0
2004,KANSAS,KEARNY,23.0,100900,0,0
2003,KANSAS,KEARNY,44.0,115500,0,0
2022,KANSAS,KINGMAN,32.9,173500,2,0
2021,KANSAS,KINGMAN,44.9,170500,2,0
2020,KANSAS,KINGMAN,46.5,166500,2,0
2019,KANSAS,KINGMAN,40.1,0,2,1
2018,KANSAS,KINGMAN,33.6,178900,2,0
2017,KANSAS,KINGMAN,48.8,182400,2,0
2016,KANSAS,KINGMAN,48.1,189200,2,0
2015,KANSAS,KINGMAN,39.9,189800,2,0
2014,KANSAS,KINGMAN,18.4,198600,2,0
2013,KANSAS,KINGMAN,43.0,196200,2,0
2012,KANSAS,KINGMAN,39.7,202400,2,0
2011,KANSAS,KINGMAN,28.0,190500,2,0
2010,KANSAS,KINGMAN,35.9,184500,2,0
2009,KANSAS,KINGMAN,34.0,195500,2,0
2008,KANSAS,KINGMAN,40.0,202600,2,0
2007,KANSAS,KINGMAN,13.0,205100,0,0
2006,KANSAS,KINGMAN,30.0,210500,0,0
2005,KANSAS,KINGMAN,40.0,209800,0,0
2004,KANSAS,KINGMAN,39.0,203000,0,0
2003,KANSAS,KINGMAN,49.0,205300,0,0
2022,KANSAS,KIOWA,29.9,58700,2,0
2021,KANSAS,KIOWA,52.1,56800,2,0
2020,KANSAS,KIOWA,49.8,53900,2,0
2019,KANSAS,KIOWA,53.1,62000,2,0
2018,KANSAS,KIOWA,51.9,0,2,1
2017,KANSAS,KIOWA,50.7,0,2,1
2016,KANSAS,KIOWA,49.5,73000,2,0
2015,KANSAS,KIOWA,41.1,0,2,1
2014,KANSAS,KIOWA,32.6,0,2,1
2013,KANSAS,KIOWA,24.2,73800,2,0
2012,KANSAS,KIOWA,31.6,77700,2,0
2011,KANSAS,KIOWA,32.0,70500,2,0
2010,KANSAS,KIOWA,42.2,69600,2,0
2009,KANSAS,KIOWA,38.5,76000,2,0
2008,KANSAS,KIOWA,39.5,73400,2,0
2007,KANSAS,KIOWA,25.0,75700,0,0
2006,KANSAS,KIOWA,31.0,75500,0,0
2005,KANSAS,KIOWA,41.0,74500,0,0
2004,KANSAS,KIOWA,37.0,70100,0,0
2003,KANSAS,KIOWA,54.0,77100,0,0
2022,KANSAS,LABETTE,57.9,42200,1,0
2021,KANSAS,LABETTE,50.8,36400,1,0
2020,KANSAS,LABETTE,38.7,12400,0,0
2019,KANSAS,LABETTE,33.6,6400,2,0
2018,KANSAS,LABETTE,0.0,0,0,1
2017,KANSAS,LABETTE,42.9,36000,0,0
2016,KANSAS,LABETTE,40.7,0,1,1
2015,KANSAS,LABETTE,38.4,38600,2,0
2014,KANSAS,LABETTE,39.0,38900,1,0
2013,KANSAS,LABETTE,44.4,59000,2,0
2012,KANSAS,LABETTE,57.7,50700,1,0
2011,KANSAS,LABETTE,41.1,38000,0,0
2010,KANSAS,LABETTE,28.9,8300,0,0
2009,KANSAS,LABETTE,23.0,38500,0,0
2008,KANSAS,LABETTE,30.5,60800,2,0
2007,KANSAS,LABETTE,10.0,66600,0,0
2006,KANSAS,LABETTE,39.0,56100,0,0
2005,KANSAS,LABETTE,45.0,31000,0,0
2004,KANSAS,LABETTE,38.0,54900,0,0
2003,KANSAS,LABETTE,50.0,61900,0,0
2022,KANSAS,LANE,34.0,89300,2,0
2021,KANSAS,LANE,59.5,90400,2,0
2020,KANSAS,LANE,40.8,70300,2,0
2019,KANSAS,LANE,64.8,90600,2,0
2018,KANSAS,LANE,66.4,0,2,1
2017,KANSAS,LANE,68.0,0,2,1
2016,KANSAS,LANE,69.6,98500,2,0
2015,KANSAS,LANE,33.0,108600,2,0
2014,KANSAS,LANE,24.4,105200,2,0
2013,KANSAS,LANE,22.7,111200,2,0
2012,KANSAS,LANE,28.3,115500,2,0
2011,KANSAS,LANE,31.5,99000,2,0
2010,KANSAS,LANE,57.0,97400,2,0
2009,KANSAS,LANE,47.0,104500,2,0
2008,KANSAS,LANE,45.0,0,2,1
2007,KANSAS,LANE,43.0,111400,0,0
2006,KANSAS,LANE,24.0,104000,0,0
2005,KANSAS,LANE,30.0,123400,0,0
2004,KANSAS,LANE,16.0,102500,0,0
2003,KANSAS,LANE,37.0,128200,0,0
2022,KANSAS,LEAVENWORTH,58.1,1500,1,0
2021,KANSAS,LEAVENWORTH,50.8,1700,0,0
2020,KANSAS,LEAVENWORTH,41.0,1100,0,0
2019,KANSAS,LEAVENWORTH,46.4,2400,0,0
2018,KANSAS,LEAVENWORTH,47.4,1700,0,0
2017,KANSAS,LEAVENWORTH,49.1,1500,0,0
2016,KANSAS,LEAVENWORTH,52.7,2300,1,0
2015,KANSAS,LEAVENWORTH,38.5,3200,0,0
2014,KANSAS,LEAVENWORTH,42.0,3400,0,0
2013,KANSAS,LEAVENWORTH,47.6,5900,1,0
2012,KANSAS,LEAVENWORTH,36.6,3600,0,0
2011,KANSAS,LEAVENWORTH,37.8,2900,0,0
2010,KANSAS,LEAVENWORTH,38.9,1900,0,0
2009,KANSAS,LEAVENWORTH,36.0,3500,0,0
2008,KANSAS,LEAVENWORTH,30.0,2900,1,0
2007,KANSAS,LEAVENWORTH,21.0,6300,0,0
2006,KANSAS,LEAVENWORTH,43.0,3900,0,0
2005,KANSAS,LEAVENWORTH,37.0,3100,0,0
2004,KANSAS,LEAVENWORTH,42.0,7400,0,0
2003,KANSAS,LEAVENWORTH,52.0,7500,0,0
2022,KANSAS,LINCOLN,33.5,83300,2,0
2021,KANSAS,LINCOLN,39.0,0,2,1
2020,KANSAS,LINCOLN,44.5,79300,2,0
2019,KANSAS,LINCOLN,46.5,0,2,1
2018,KANSAS,LINCOLN,48.5,0,2,1
2017,KANSAS,LINCOLN,50.6,0,2,1
2016,KANSAS,LINCOLN,52.6,94200,2,0
2015,KANSAS,LINCOLN,38.0,0,2,1
2014,KANSAS,LINCOLN,23.3,102600,2,0
2013,KANSAS,LINCOLN,42.4,105800,2,0
2012,KANSAS,LINCOLN,43.6,99500,2,0
2011,KANSAS,LINCOLN,37.7,101300,2,0
2010,KANSAS,LINCOLN,44.0,100300,2,0
2009,KANSAS,LINCOLN,44.0,102500,2,0
2008,KANSAS,LINCOLN,48.5,110500,2,0
2007,KANSAS,LINCOLN,26.0,110100,0,0
2006,KANSAS,LINCOLN,33.0,107300,0,0
2005,KANSAS,LINCOLN,40.0,108200,0,0
2004,KANSAS,LINCOLN,43.0,106300,0,0
2003,KANSAS,LINCOLN,59.0,103700,0,0
2022,KANSAS,LINN,47.2,5300,0,0
2021,KANSAS,LINN,45.0,7900,1,0
2020,KANSAS,LINN,0.0,0,0,1
2019,KANSAS,LINN,42.7,5000,0,0
2018,KANSAS,LINN,46.2,3100,0,0
2017,KANSAS,LINN,0.0,0,0,1
2016,KANSAS,LINN,50.3,9700,2,0
2015,KANSAS,LINN,32.9,8600,2,0
2014,KANSAS,LINN,44.9,11300,2,0
2013,KANSAS,LINN,46.2,0,2,1
2012,KANSAS,LINN,47.5,12100,0,0
2011,KANSAS,LINN,37.4,10500,0,0
2010,KANSAS,LINN,0.0,0,0,1
2009,KANSAS,LINN,32.0,5700,0,0
2008,KANSAS,LINN,25.0,15100,2,0
2007,KANSAS,LINN,17.0,20700,0,0
2006,KANSAS,LINN,42.0,14500,0,0
2005,KANSAS,LINN,33.0,5000,0,0
2004,KANSAS,LINN,37.0,21000,0,0
2003,KANSAS,LINN,52.0,17700,0,0
2022,KANSAS,LOGAN,39.9,0,2,1
2021,KANSAS,LOGAN,54.6,92100,2,0
2020,KANSAS,LOGAN,40.8,79100,2,0
2019,KANSAS,LOGAN,38.0,0,2,1
2018,KANSAS,LOGAN,35.2,101900,2,0
2017,KANSAS,LOGAN,45.6,0,2,1
2016,KANSAS,LOGAN,55.9,121600,2,0
2015,KANSAS,LOGAN,40.0,0,2,1
2014,KANSAS,LOGAN,23.9,138400,2,0
2013,KANSAS,LOGAN,35.2,0,2,1
2012,KANSAS,LOGAN,46.5,140500,2,0
2011,KANSAS,LOGAN,33.0,122500,2,0
2010,KANSAS,LOGAN,52.2,136000,2,0
2009,KANSAS,LOGAN,45.0,137500,2,0
2008,KANSAS,LOGAN,32.5,129500,2,0
2007,KANSAS,LOGAN,47.0,136300,0,0
2006,KANSAS,LOGAN,21.0,126500,0,0
2005,KANSAS,LOGAN,39.0,152100,0,0
2004,KANSAS,LOGAN,20.0,144400,0,0
2003,KANSAS,LOGAN,37.0,150200,0,0
2022,KANSAS,LYON,42.8,12600,0,0
2021,KANSAS,LYON,42.8,12100,1,0
2020,KANSAS,LYON,42.4,8900,0,0
2019,KANSAS,LYON,38.5,5500,0,0
2018,KANSAS,LYON,44.4,0,2,1
2017,KANSAS,LYON,50.3,6900,1,0
2016,KANSAS,LYON,44.3,11800,2,0
2015,KANSAS,LYON,35.7,15700,1,0
2014,KANSAS,LYON,45.7,0,1,1
2013,KANSAS,LYON,55.6,28900,2,0
2012,KANSAS,LYON,45.5,21500,1,0
2011,KANSAS,LYON,34.6,14400,1,0
2010,KANSAS,LYON,29.4,6000,0,0
2009,KANSAS,LYON,32.0,13200,1,0
2008,KANSAS,LYON,28.0,21900,2,0
2007,KANSAS,LYON,17.0,32500,0,0
2006,KANSAS,LYON,47.0,20400,0,0
2005,KANSAS,LYON,31.0,18000,0,0
2004,KANSAS,LYON,36.0,25600,0,0
2003,KANSAS,LYON,52.0,25900,0,0
2022,KANSAS,MARION,40.0,106500,2,0
2021,KANSAS,MARION,44.9,0,2,1
2020,KANSAS,MARION,49.8,100500,2,0
2019,KANSAS,MARION,45.5,92400,2,0
2018,KANSAS,MARION,36.6,112500,2,0
2017,KANSAS,MARION,54.4,101200,2,0
2016,KANSAS,MARION,51.3,126900,2,0
2015,KANSAS,MARION,46.3,127400,2,0
2014,KANSAS,MARION,27.7,142100,2,0
2013,KANSAS,MARION,57.2,145400,2,0
2012,KANSAS,MARION,48.8,138500,2,0
2011,KANSAS,MARION,41.1,123200,2,0
2010,KANSAS,MARION,38.0,104300,2,0
2009,KANSAS,MARION,47.0,122500,2,0
2008,KANSAS,MARION,42.0,135500,2,0
2007,KANSAS,MARION,16.0,144200,0,0
2006,KANSAS,MARION,42.0,133200,0,0
2005,KANSAS,MARION,35.0,135600,0,0
2004,KANSAS,MARION,47.0,132000,0,0
2003,KANSAS,MARION,51.0,137200,0,0
2022,KANSAS,MARSHALL,53.7,9700,0,0
2021,KANSAS,MARSHALL,50.3,0,2,1
2020,KANSAS,MARSHALL,46.9,7300,1,0
2019,KANSAS,MARSHALL,48.4,0,1,1
2018,KANSAS,MARSHALL,50.0,0,2,1
2017,KANSAS,MARSHALL,51.5,0,1,1
2016,KANSAS,MARSHALL,53.0,27300,1,0
2015,KANSAS,MARSHALL,47.6,0,2,1
2014,KANSAS,MARSHALL,42.2,48800,2,0
2013,KANSAS,MARSHALL,53.1,52500,2,0
2012,KANSAS,MARSHALL,45.2,51500,2,0
2011,KANSAS,MARSHALL,37.7,56500,2,0
2010,KANSAS,MARSHALL,42.6,58400,2,0
2009,KANSAS,MARSHALL,49.0,64500,2,0
2008,KANSAS,MARSHALL,34.5,76200,2,0
2007,KANSAS,MARSHALL,28.0,89700,0,0
2006,KANSAS,MARSHALL,44.0,79800,0,0
2005,KANSAS,MARSHALL,45.0,87600,0,0
2004,KANSAS,MARSHALL,59.0,95800,0,0
2003,KANSAS,MARSHALL,62.0,91200,0,0
2022,KANSAS,MCPHERSON,45.9,176000,2,0
2021,KANSAS,MCPHERSON,43.6,184000,2,0
2020,KANSAS,MCPHERSON,51.5,188500,2,0
2019,KANSAS,MCPHERSON,46.1,173800,2,0
2018,KANSAS,MCPHERSON,42.4,186800,2,0
2017,KANSAS,MCPHERSON,57.8,178600,2,0
2016,KANSAS,MCPHERSON,61.5,206400,2,0
2015,KANSAS,MCPHERSON,45.8,210900,2,0
2014,KANSAS,MCPHERSON,30.4,233800,2,0
2013,KANSAS,MCPHERSON,55.7,229600,2,0
2012,KANSAS,MCPHERSON,49.9,223700,2,0
2011,KANSAS,MCPHERSON,44.1,210700,2,0
2010,KANSAS,MCPHERSON,41.0,192000,2,0
2009,KANSAS,MCPHERSON,49.5,213000,2,0
2008,KANSAS,MCPHERSON,55.0,228000,2,0
2007,KANSAS,MCPHERSON,13.0,240900,0,0
2006,KANSAS,MCPHERSON,45.0,223800,0,0
2005,KANSAS,MCPHERSON,49.0,228100,0,0
2004,KANSAS,MCPHERSON,48.0,219800,0,0
2003,KANSAS,MCPHERSON,57.0,216900,0,0
2022,KANSAS,MEADE,39.6,0,2,1
2021,KANSAS,MEADE,39.6,0,2,1
2020,KANSAS,MEADE,44.7,75200,2,0
2019,KANSAS,MEADE,49.6,0,2,1
2018,KANSAS,MEADE,54.5,0,2,1
2017,KANSAS,MEADE,59.4,0,2,1
2016,KANSAS,MEADE,64.2,85900,2,0
2015,KANSAS,MEADE,39.3,98200,2,0
2014,KANSAS,MEADE,30.3,0,2,1
2013,KANSAS,MEADE,21.3,93400,2,0
2012,KANSAS,MEADE,35.7,92500,2,0
2011,KANSAS,MEADE,23.7,85000,2,0
2010,KANSAS,MEADE,48.0,80600,2,0
2009,KANSAS,MEADE,34.5,94000,2,0
2008,KANSAS,MEADE,29.5,80400,2,0
2007,KANSAS,MEADE,47.0,94200,0,0
2006,KANSAS,MEADE,20.0,89000,0,0
2005,KANSAS,MEADE,42.0,100500,0,0
2004,KANSAS,MEADE,33.0,93500,0,0
2003,KANSAS,MEADE,36.0,114400,0,0
2022,KANSAS,MIAMI,0.0,0,0,1
2021,KANSAS,MIAMI,49.5,6400,0,0
2020,KANSAS,MIAMI,0.0,0,0,1
2019,KANSAS,MIAMI,49.1,2900,0,0
2018,KANSAS,MIAMI,0.0,0,0,1
2017,KANSAS,MIAMI,67.0,3300,0,0
2016,KANSAS,MIAMI,52.8,7200,1,0
2015,KANSAS,MIAMI,50.1,8800,0,0
2014,KANSAS,MIAMI,59.0,9500,0,0
2013,KANSAS,MIAMI,67.8,13100,1,0
2012,KANSAS,MIAMI,59.6,7900,0,0
2011,KANSAS,MIAMI,57.6,6200,0,0
2010,KANSAS,MIAMI,38.8,1500,0,0
2009,KANSAS,MIAMI,45.0,3700,0,0
2008,KANSAS,MIAMI,26.0,10500,1,0
2007,KANSAS,MIAMI,16.0,12600,0,0
2006,KANSAS,MIAMI,46.0,8500,0,0
2005,KANSAS,MIAMI,34.0,3700,0,0
2004,KANSAS,MIAMI,35.0,12200,0,0
2003,KANSAS,MIAMI,54.0,10100,0,0
2022,KANSAS,MITCHELL,44.8,105000,2,0
2021,KANSAS,MITCHELL,56.8,93500,2,0
2020,KANSAS,MITCHELL,44.5,107500,2,0
2019,KANSAS,MITCHELL,54.7,115900,2,0
2018,KANSAS,MITCHELL,42.7,130000,2,0
2017,KANSAS,MITCHELL,49.9,134500,2,0
2016,KANSAS,MITCHELL,60.9,148300,2,0
2015,KANSAS,MITCHELL,45.0,160800,2,0
2014,KANSAS,MITCHELL,29.9,168700,2,0
2013,KANSAS,MITCHELL,46.9,160700,2,0
2012,KANSAS,MITCHELL,47.2,158100,2,0
2011,KANSAS,MITCHELL,47.9,159100,2,0
2010,KANSAS,MITCHELL,49.9,165000,2,0
2009,KANSAS,MITCHELL,45.0,181000,2,0
2008,KANSAS,MITCHELL,51.0,199500,2,0
2007,KANSAS,MITCHELL,34.0,202800,0,0
2006,KANSAS,MITCHELL,45.0,190900,0,0
2005,KANSAS,MITCHELL,45.0,191500,0,0
2004,KANSAS,MITCHELL,47.0,181500,0,0
2003,KANSAS,MITCHELL,63.0,184900,0,0
2022,KANSAS,MONTGOMERY,53.7,34300,1,0
2021,KANSAS,MONTGOMERY,45.7,30000,1,0
2020,KANSAS,MONTGOMERY,42.8,20400,0,0
2019,KANSAS,MONTGOMERY,37.4,16700,1,0
2018,KANSAS,MONTGOMERY,43.3,33700,0,0
2017,KANSAS,MONTGOMERY,42.2,33700,1,0
2016,KANSAS,MONTGOMERY,51.8,38200,2,0
2015,KANSAS,MONTGOMERY,39.9,41600,1,0
2014,KANSAS,MONTGOMERY,40.5,35700,0,0
2013,KANSAS,MONTGOMERY,52.4,43300,1,0
2012,KANSAS,MONTGOMERY,54.9,40500,0,0
2011,KANSAS,MONTGOMERY,36.0,26500,2,0
2010,KANSAS,MONTGOMERY,30.9,12200,0,0
2009,KANSAS,MONTGOMERY,25.0,32000,2,0
2008,KANSAS,MONTGOMERY,0.0,0,0,1
2007,KANSAS,MONTGOMERY,13.0,52000,0,0
2006,KANSAS,MONTGOMERY,41.0,39000,0,0
2005,KANSAS,MONTGOMERY,33.0,15300,0,0
2004,KANSAS,MONTGOMERY,33.0,36700,0,0
2003,KANSAS,MONTGOMERY,44.0,44800,0,0
2022,KANSAS,MORRIS,48.5,20400,1,0
2021,KANSAS,MORRIS,44.1,18800,2,0
2020,KANSAS,MORRIS,45.8,19700,2,0
2019,KANSAS,MORRIS,39.6,15300,2,0
2018,KANSAS,MORRIS,25.9,24200,2,0
2017,KANSAS,MORRIS,59.3,21200,2,0
2016,KANSAS,MORRIS,52.7,27000,2,0
2015,KANSAS,MORRIS,41.4,29100,2,0
2014,KANSAS,MORRIS,34.4,31200,2,0
2013,KANSAS,MORRIS,52.4,38500,2,0
2012,KANSAS,MORRIS,40.6,34000,2,0
2011,KANSAS,MORRIS,42.5,26500,2,0
2010,KANSAS,MORRIS,31.6,17700,2,0
2009,KANSAS,MORRIS,43.0,30000,2,0
2008,KANSAS,MORRIS,32.0,34300,2,0
2007,KANSAS,MORRIS,17.0,37000,0,0
2006,KANSAS,MORRIS,40.0,32300,0,0
2005,KANSAS,MORRIS,34.0,33500,0,0
2004,KANSAS,MORRIS,43.0,34700,0,0
2003,KANSAS,MORRIS,53.0,35200,0,0
2022,KANSAS,MORTON,31.4,0,2,1
2021,KANSAS,MORTON,42.2,96700,2,0
2020,KANSAS,MORTON,24.0,56200,2,0
2019,KANSAS,MORTON,46.5,79900,2,0
2018,KANSAS,MORTON,25.1,86200,2,0
2017,KANSAS,MORTON,34.1,84300,2,0
2016,KANSAS,MORTON,49.6,93200,2,0
2015,KANSAS,MORTON,30.6,94200,2,0
2014,KANSAS,MORTON,18.9,102400,2,0
2013,KANSAS,MORTON,14.3,82300,2,0
2012,KANSAS,MORTON,27.2,109000,2,0
2011,KANSAS,MORTON,16.3,83000,2,0
2010,KANSAS,MORTON,41.4,75100,2,0
2009,KANSAS,MORTON,27.0,98000,2,0
2008,KANSAS,MORTON,24.5,74700,2,0
2007,KANSAS,MORTON,47.0,78600,0,0
2006,KANSAS,MORTON,26.0,72700,0,0
2005,KANSAS,MORTON,40.0,80800,0,0
2004,KANSAS,MORTON,22.0,71600,0,0
2003,KANSAS,MORTON,30.0,105600,0,0
2022,KANSAS,NEMAHA,64.9,3700,0,0
2021,KANSAS,NEMAHA,0.0,0,0,1
2020,KANSAS,NEMAHA,46.6,3000,0,0
2019,KANSAS,NEMAHA,55.5,5900,2,0
2018,KANSAS,NEMAHA,0.0,0,0,1
2017,KANSAS,NEMAHA,58.2,3900,0,0
2016,KANSAS,NEMAHA,56.3,7000,0,0
2015,KANSAS,NEMAHA,0.0,0,0,1
2014,KANSAS,NEMAHA,0.0,0,0,1
2013,KANSAS,NEMAHA,49.1,0,1,1
2012,KANSAS,NEMAHA,46.6,12100,1,0
2011,KANSAS,NEMAHA,45.5,0,2,1
2010,KANSAS,NEMAHA,44.3,14800,0,0
2009,KANSAS,NEMAHA,47.0,19600,1,0
2008,KANSAS,NEMAHA,30.5,29900,2,0
2007,KANSAS,NEMAHA,30.0,39300,0,0
2006,KANSAS,NEMAHA,53.0,29500,0,0
2005,KANSAS,NEMAHA,48.0,27700,0,0
2004,KANSAS,NEMAHA,58.0,37600,0,0
2003,KANSAS,NEMAHA,71.0,32300,0,0
2022,KANSAS,NEOSHO,50.8,25900,1,0
2021,KANSAS,NEOSHO,54.7,23300,2,0
2020,KANSAS,NEOSHO,43.9,0,1,1
2019,KANSAS,NEOSHO,33.1,5200,0,0
2018,KANSAS,NEOSHO,43.7,18400,1,0
2017,KANSAS,NEOSHO,0.0,0,0,1
2016,KANSAS,NEOSHO,57.0,26800,2,0
2015,KANSAS,NEOSHO,38.1,31000,2,0
2014,KANSAS,NEOSHO,41.1,23400,2,0
2013,KANSAS,NEOSHO,46.8,39100,2,0
2012,KANSAS,NEOSHO,55.5,34500,1,0
2011,KANSAS,NEOSHO,37.3,24500,0,0
2010,KANSAS,NEOSHO,22.1,4600,0,0
2009,KANSAS,NEOSHO,23.0,18700,0,0
2008,KANSAS,NEOSHO,29.5,41400,2,0
2007,KANSAS,NEOSHO,11.0,45900,0,0
2006,KANSAS,NEOSHO,41.0,38900,0,0
2005,KANSAS,NEOSHO,39.0,12700,0,0
2004,KANSAS,NEOSHO,42.0,39700,0,0
2003,KANSAS,NEOSHO,46.0,41700,0,0
2022,KANSAS,NESS,37.8,111500,2,0
2021,KANSAS,NESS,53.7,111500,2,0
2020,KANSAS,NESS,44.9,99500,2,0
2019,KANSAS,NESS,50.1,109500,2,0
2018,KANSAS,NESS,52.2,0,2,1
2017,KANSAS,NESS,54.3,0,2,1
2016,KANSAS,NESS,56.4,121300,2,0
2015,KANSAS,NESS,28.3,128200,2,0
2014,KANSAS,NESS,25.9,129000,2,0
2013,KANSAS,NESS,27.7,128300,2,0
2012,KANSAS,NESS,30.5,131500,2,0
2011,KANSAS,NESS,22.1,121500,2,0
2010,KANSAS,NESS,49.0,124000,2,0
2009,KANSAS,NESS,44.0,127500,2,0
2008,KANSAS,NESS,42.0,132600,2,0
2007,KANSAS,NESS,37.0,139800,0,0
2006,KANSAS,NESS,18.0,136900,0,0
2005,KANSAS,NESS,36.0,158600,0,0
2004,KANSAS,NESS,26.0,156600,0,0
2003,KANSAS,NESS,45.0,162300,0,0
2022,KANSAS,NORTON,29.1,55000,2,0
2021,KANSAS,NORTON,35.9,0,2,1
2020,KANSAS,NORTON,42.7,42600,2,0
2019,KANSAS,NORTON,42.0,0,2,1
2018,KANSAS,NORTON,41.2,0,2,1
2017,KANSAS,NORTON,40.4,63100,2,0
2016,KANSAS,NORTON,35.8,0,2,1
2015,KANSAS,NORTON,31.1,94700,2,0
2014,KANSAS,NORTON,28.1,92900,2,0
2013,KANSAS,NORTON,18.8,85900,2,0
2012,KANSAS,NORTON,45.6,78000,2,0
2011,KANSAS,NORTON,39.5,93000,2,0
2010,KANSAS,NORTON,49.6,78900,2,0
2009,KANSAS,NORTON,51.0,92000,2,0
2008,KANSAS,NORTON,39.5,104000,2,0
2007,KANSAS,NORTON,30.0,104400,0,0
2006,KANSAS,NORTON,27.0,112700,0,0
2005,KANSAS,NORTON,36.0,114600,0,0
2004,KANSAS,NORTON,18.0,116900,0,0
2003,KANSAS,NORTON,42.0,124000,0,0
2022,KANSAS,OSAGE,51.5,5900,1,0
2021,KANSAS,OSAGE,45.9,7700,2,0
2020,KANSAS,OSAGE,53.7,4900,0,0
2019,KANSAS,OSAGE,43.7,6300,0,0
2018,KANSAS,OSAGE,54.3,5800,0,0
2017,KANSAS,OSAGE,48.7,6000,0,0
2016,KANSAS,OSAGE,48.3,8600,2,0
2015,KANSAS,OSAGE,39.5,11400,2,0
2014,KANSAS,OSAGE,45.7,12900,2,0
2013,KANSAS,OSAGE,57.0,20600,2,0
2012,KANSAS,OSAGE,46.3,11300,1,0
2011,KANSAS,OSAGE,31.5,8300,1,0
2010,KANSAS,OSAGE,28.4,1900,0,0
2009,KANSAS,OSAGE,36.0,8500,1,0
2008,KANSAS,OSAGE,25.0,18200,2,0
2007,KANSAS,OSAGE,23.0,24700,0,0
2006,KANSAS,OSAGE,42.0,12000,0,0
2005,KANSAS,OSAGE,29.0,9600,0,0
2004,KANSAS,OSAGE,44.0,22700,0,0
2003,KANSAS,OSAGE,53.0,19200,0,0
2022,KANSAS,OSBORNE,40.2,0,2,1
2021,KANSAS,OSBORNE,52.2,71300,2,0
2020,KANSAS,OSBORNE,39.6,80000,2,0
2019,KANSAS,OSBORNE,35.1,0,2,1
2018,KANSAS,OSBORNE,30.6,88300,2,0
2017,KANSAS,OSBORNE,42.9,0,2,1
2016,KANSAS,OSBORNE,55.2,105100,2,0
2015,KANSAS,OSBORNE,31.3,117100,2,0
2014,KANSAS,OSBORNE,31.3,121700,2,0
2013,KANSAS,OSBORNE,31.8,127800,2,0
2012,KANSAS,OSBORNE,44.6,116600,2,0
2011,KANSAS,OSBORNE,34.8,124700,2,0
2010,KANSAS,OSBORNE,41.6,118200,2,0
2009,KANSAS,OSBORNE,41.0,117000,2,0
2008,KANSAS,OSBORNE,45.0,127000,2,0
2007,KANSAS,OSBORNE,34.0,129100,0,0
2006,KANSAS,OSBORNE,39.0,129900,0,0
2005,KANSAS,OSBORNE,39.0,132400,0,0
2004,KANSAS,OSBORNE,38.0,124000,0,0
2003,KANSAS,OSBORNE,56.0,121200,0,0
2022,KANSAS,OTTAWA,35.4,73500,2,0
2021,KANSAS,OTTAWA,47.5,76900,2,0
2020,KANSAS,OTTAWA,43.8,81200,2,0
2019,KANSAS,OTTAWA,46.6,66000,2,0
2018,KANSAS,OTTAWA,39.4,79700,2,0
2017,KANSAS,OTTAWA,48.6,75300,2,0
2016,KANSAS,OTTAWA,52.2,93200,2,0
2015,KANSAS,OTTAWA,36.9,93100,2,0
2014,KANSAS,OTTAWA,26.1,108400,2,0
2013,KANSAS,OTTAWA,49.8,114100,2,0
2012,KANSAS,OTTAWA,41.6,108300,2,0
2011,KANSAS,OTTAWA,38.2,111500,2,0
2010,KANSAS,OTTAWA,43.7,109200,2,0
2009,KANSAS,OTTAWA,50.0,115500,2,0
2008,KANSAS,OTTAWA,44.5,120000,2,0
2007,KANSAS,OTTAWA,23.0,122900,0,0
2006,KANSAS,OTTAWA,40.0,121500,0,0
2005,KANSAS,OTTAWA,34.0,123400,0,0
2004,KANSAS,OTTAWA,49.0,124000,0,0
2003,KANSAS,OTTAWA,60.0,121200,0,0
2022,KANSAS,PAWNEE,37.3,119000,2,0
2021,KANSAS,PAWNEE,57.3,115500,2,0
2020,KANSAS,PAWNEE,48.4,122500,2,0
2019,KANSAS,PAWNEE,44.6,122600,2,0
2018,KANSAS,PAWNEE,41.6,128000,2,0
2017,KANSAS,PAWNEE,60.0,128900,2,0
2016,KANSAS,PAWNEE,59.5,134200,2,0
2015,KANSAS,PAWNEE,40.9,136200,2,0
2014,KANSAS,PAWNEE,26.4,142900,2,0
2013,KANSAS,PAWNEE,34.0,149300,2,0
2012,KANSAS,PAWNEE,37.1,145500,2,0
2011,KANSAS,PAWNEE,32.2,134000,2,0
2010,KANSAS,PAWNEE,50.2,132500,2,0
2009,KANSAS,PAWNEE,47.5,136000,2,0
2008,KANSAS,PAWNEE,41.0,141100,2,0
2007,KANSAS,PAWNEE,34.0,152900,0,0
2006,KANSAS,PAWNEE,26.0,146100,0,0
2005,KANSAS,PAWNEE,44.0,145600,0,0
2004,KANSAS,PAWNEE,39.0,140600,0,0
2003,KANSAS,PAWNEE,52.0,139600,0,0
2022,KANSAS,PHILLIPS,33.3,63800,2,0
2021,KANSAS,PHILLIPS,55.3,56900,2,0
2020,KANSAS,PHILLIPS,40.2,54900,2,0
2019,KANSAS,PHILLIPS,41.3,0,2,1
2018,KANSAS,PHILLIPS,42.4,65000,2,0
2017,KANSAS,PHILLIPS,44.3,74600,2,0
2016,KANSAS,PHILLIPS,59.2,84400,2,0
2015,KANSAS,PHILLIPS,28.2,94100,2,0
2014,KANSAS,PHILLIPS,26.8,94200,2,0
2013,KANSAS,PHILLIPS,21.5,93600,2,0
2012,KANSAS,PHILLIPS,42.4,87000,2,0
2011,KANSAS,PHILLIPS,37.1,92500,2,0
2010,KANSAS,PHILLIPS,42.9,92300,2,0
2009,KANSAS,PHILLIPS,49.0,95500,2,0
2008,KANSAS,PHILLIPS,45.5,110500,2,0
2007,KANSAS,PHILLIPS,34.0,109700,0,0
2006,KANSAS,PHILLIPS,32.0,110500,0,0
2005,KANSAS,PHILLIPS,44.0,111300,0,0
2004,KANSAS,PHILLIPS,25.0,112900,0,0
2003,KANSAS,PHILLIPS,49.0,110600,0,0
2022,KANSAS,POTTAWATOMIE,59.3,3800,0,0
2021,KANSAS,POTTAWATOMIE,54.1,2200,0,0
2020,KANSAS,POTTAWATOMIE,0.0,0,0,1
2019,KANSAS,POTTAWATOMIE,44.8,3100,2,0
2018,KANSAS,POTTAWATOMIE,48.5,2600,1,0
2017,KANSAS,POTTAWATOMIE,53.3,2300,0,0
2016,KANSAS,POTTAWATOMIE,50.4,4500,2,0
2015,KANSAS,POTTAWATOMIE,32.3,4800,0,0
2014,KANSAS,POTTAWATOMIE,49.5,6100,1,0
2013,KANSAS,POTTAWATOMIE,55.7,7000,2,0
2012,KANSAS,POTTAWATOMIE,40.3,6500,0,0
2011,KANSAS,POTTAWATOMIE,36.0,6200,1,0
2010,KANSAS,POTTAWATOMIE,36.9,4300,2,0
2009,KANSAS,POTTAWATOMIE,46.0,7000,2,0
2008,KANSAS,POTTAWATOMIE,35.5,10200,2,0
2007,KANSAS,POTTAWATOMIE,19.0,14000,0,0
2006,KANSAS,POTTAWATOMIE,51.0,8300,0,0
2005,KANSAS,POTTAWATOMIE,31.0,12000,0,0
2004,KANSAS,POTTAWATOMIE,53.0,12600,0,0
2003,KANSAS,POTTAWATOMIE,64.0,12600,0,0
2022,KANSAS,PRATT,31.1,140500,2,0
2021,KANSAS,PRATT,48.8,140000,2,0
2020,KANSAS,PRATT,51.9,139000,2,0
2019,KANSAS,PRATT,42.7,0,2,1
2018,KANSAS,PRATT,33.5,156100,2,0
2017,KANSAS,PRATT,59.3,155500,2,0
2016,KANSAS,PRATT,51.4,0,2,1
2015,KANSAS,PRATT,43.5,177600,2,0
2014,KANSAS,PRATT,41.4,0,2,1
2013,KANSAS,PRATT,39.2,177300,2,0
2012,KANSAS,PRATT,44.2,173000,2,0
2011,KANSAS,PRATT,37.7,161000,2,0
2010,KANSAS,PRATT,41.3,150000,2,0
2009,KANSAS,PRATT,44.0,160000,2,0
2008,KANSAS,PRATT,42.0,166200,2,0
2007,KANSAS,PRATT,23.0,178100,0,0
2006,KANSAS,PRATT,34.0,169000,0,0
2005,KANSAS,PRATT,39.0,165000,0,0
2004,KANSAS,PRATT,42.0,165200,0,0
2003,KANSAS,PRATT,61.0,168100,0,0
2022,KANSAS,RAWLINS,43.8,0,2,1
2021,KANSAS,RAWLINS,60.0,106000,2,0
2020,KANSAS,RAWLINS,41.1,106000,2,0
2019,KANSAS,RAWLINS,64.8,105700,2,0
2018,KANSAS,RAWLINS,60.1,0,2,1
2017,KANSAS,RAWLINS,55.4,115000,2,0
2016,KANSAS,RAWLINS,65.1,137000,2,0
2015,KANSAS,RAWLINS,35.4,153300,2,0
2014,KANSAS,RAWLINS,30.3,160100,2,0
2013,KANSAS,RAWLINS,20.9,124200,2,0
2012,KANSAS,RAWLINS,51.5,128500,2,0
2011,KANSAS,RAWLINS,44.8,140000,2,0
2010,KANSAS,RAWLINS,55.1,135500,2,0
2009,KANSAS,RAWLINS,50.0,151000,2,0
2008,KANSAS,RAWLINS,46.5,165600,2,0
2007,KANSAS,RAWLINS,43.0,166100,0,0
2006,KANSAS,RAWLINS,16.0,161400,0,0
2005,KANSAS,RAWLINS,34.0,175800,0,0
2004,KANSAS,RAWLINS,16.0,160300,0,0
2003,KANSAS,RAWLINS,42.0,168300,0,0
2022,KANSAS,RENO,32.4,200500,2,0
2021,KANSAS,RENO,42.8,0,2,1
2020,KANSAS,RENO,53.2,198000,2,0
2019,KANSAS,RENO,37.4,188600,2,0
2018,KANSAS,RENO,36.3,212700,2,0
2017,KANSAS,RENO,53.3,198900,2,0
2016,KANSAS,RENO,51.4,209700,2,0
2015,KANSAS,RENO,42.0,227900,2,0
2014,KANSAS,RENO,29.0,238800,2,0
2013,KANSAS,RENO,48.5,245700,2,0
2012,KANSAS,RENO,43.8,242900,2,0
2011,KANSAS,RENO,30.6,224000,2,0
2010,KANSAS,RENO,35.5,216000,2,0
2009,KANSAS,RENO,35.0,226000,2,0
2008,KANSAS,RENO,41.0,248100,2,0
2007,KANSAS,RENO,15.0,254600,0,0
2006,KANSAS,RENO,35.0,253900,0,0
2005,KANSAS,RENO,45.0,253600,0,0
2004,KANSAS,RENO,43.0,248900,0,0
2003,KANSAS,RENO,47.0,247600,0,0
2022,KANSAS,REPUBLIC,55.9,34200,2,0
2021,KANSAS,REPUBLIC,56.1,26200,2,0
2020,KANSAS,REPUBLIC,42.7,30700,2,0
2019,KANSAS,REPUBLIC,45.9,36200,2,0
2018,KANSAS,REPUBLIC,35.9,45400,2,0
2017,KANSAS,REPUBLIC,47.1,46600,2,0
2016,KANSAS,REPUBLIC,59.2,56600,2,0
2015,KANSAS,REPUBLIC,35.3,70900,2,0
2014,KANSAS,REPUBLIC,32.4,75600,2,0
2013,KANSAS,REPUBLIC,49.2,79500,2,0
2012,KANSAS,REPUBLIC,45.3,76600,2,0
2011,KANSAS,REPUBLIC,35.6,88500,2,0
2010,KANSAS,REPUBLIC,39.8,84400,2,0
2009,KANSAS,REPUBLIC,48.0,87000,2,0
2008,KANSAS,REPUBLIC,39.0,96600,2,0
2007,KANSAS,REPUBLIC,30.0,110100,0,0
2006,KANSAS,REPUBLIC,46.0,98500,0,0
2005,KANSAS,REPUBLIC,41.0,101200,0,0
2004,KANSAS,REPUBLIC,45.0,100100,0,0
2003,KANSAS,REPUBLIC,63.0,100100,0,0
2022,KANSAS,RICE,38.5,143000,2,0
2021,KANSAS,RICE,53.3,139500,2,0
2020,KANSAS,RICE,48.5,146000,2,0
2019,KANSAS,RICE,50.7,0,2,1
2018,KANSAS,RICE,52.9,0,2,1
2017,KANSAS,RICE,55.1,140000,2,0
2016,KANSAS,RICE,56.1,153100,2,0
2015,KANSAS,RICE,55.0,0,2,1
2014,KANSAS,RICE,54.0,0,2,1
2013,KANSAS,RICE,53.0,171700,2,0
2012,KANSAS,RICE,50.2,176100,2,0
2011,KANSAS,RICE,40.5,154500,2,0
2010,KANSAS,RICE,41.5,149200,2,0
2009,KANSAS,RICE,44.0,152500,2,0
2008,KANSAS,RICE,50.0,165500,2,0
2007,KANSAS,RICE,16.0,175400,0,0
2006,KANSAS,RICE,43.0,163200,0,0
2005,KANSAS,RICE,49.0,159500,0,0
2004,KANSAS,RICE,50.0,156000,0,0
2003,KANSAS,RICE,58.0,152600,0,0
2022,KANSAS,RILEY,43.9,0,1,1
2021,KANSAS,RILEY,43.9,0,2,1
2020,KANSAS,RILEY,43.0,6900,2,0
2019,KANSAS,RILEY,44.5,0,2,1
2018,KANSAS,RILEY,46.0,0,2,1
2017,KANSAS,RILEY,47.5,0,2,1
2016,KANSAS,RILEY,49.1,12800,2,0
2015,KANSAS,RILEY,45.2,0,2,1
2014,KANSAS,RILEY,41.2,18000,2,0
2013,KANSAS,RILEY,48.9,20000,2,0
2012,KANSAS,RILEY,43.2,20000,2,0
2011,KANSAS,RILEY,43.3,19000,2,0
2010,KANSAS,RILEY,38.3,17300,2,0
2009,KANSAS,RILEY,48.0,21000,2,0
2008,KANSAS,RILEY,38.5,23400,2,0
2007,KANSAS,RILEY,25.0,28200,0,0
2006,KANSAS,RILEY,46.0,25000,0,0
2005,KANSAS,RILEY,36.0,25700,0,0
2004,KANSAS,RILEY,46.0,27600,0,0
2003,KANSAS,RILEY,61.0,27800,0,0
2022,KANSAS,ROOKS,39.6,0,2,1
2021,KANSAS,ROOKS,55.5,69700,2,0
2020,KANSAS,ROOKS,41.1,71400,2,0
2019,KANSAS,ROOKS,49.2,76600,2,0
2018,KANSAS,ROOKS,32.7,83400,2,0
2017,KANSAS,ROOKS,47.9,82800,2,0
2016,KANSAS,ROOKS,55.6,92300,2,0
2015,KANSAS,ROOKS,43.4,0,2,1
2014,KANSAS,ROOKS,31.2,97700,2,0
2013,KANSAS,ROOKS,37.7,95700,2,0
2012,KANSAS,ROOKS,36.4,89100,2,0
2011,KANSAS,ROOKS,36.2,97000,2,0
2010,KANSAS,ROOKS,39.4,98200,2,0
2009,KANSAS,ROOKS,41.0,97500,2,0
2008,KANSAS,ROOKS,38.5,121500,2,0
2007,KANSAS,ROOKS,36.0,120100,0,0
2006,KANSAS,ROOKS,27.0,120900,0,0
2005,KANSAS,ROOKS,35.0,117500,0,0
2004,KANSAS,ROOKS,21.0,119600,0,0
2003,KANSAS,ROOKS,47.0,112600,0,0
2022,KANSAS,RUSH,37.3,0,2,1
2021,KANSAS,RUSH,37.3,100000,2,0
2021,KANSAS,RUSH,52.6,100000,2,0
2020,KANSAS,RUSH,43.7,101500,2,0
2019,KANSAS,RUSH,42.0,0,2,1
2018,KANSAS,RUSH,40.3,0,2,1
2017,KANSAS,RUSH,38.6,0,2,1
2016,KANSAS,RUSH,36.9,0,2,1
2015,KANSAS,RUSH,35.1,110900,2,0
2014,KANSAS,RUSH,21.8,113100,2,0
2013,KANSAS,RUSH,31.5,110600,2,0
2012,KANSAS,RUSH,34.3,112000,2,0
2011,KANSAS,RUSH,27.4,114700,2,0
2010,KANSAS,RUSH,44.5,117300,2,0
2009,KANSAS,RUSH,42.0,107500,2,0
2008,KANSAS,RUSH,42.5,113500,2,0
2007,KANSAS,RUSH,31.0,115100,0,0
2006,KANSAS,RUSH,26.0,125400,0,0
2005,KANSAS,RUSH,43.0,128400,0,0
2004,KANSAS,RUSH,25.0,130300,0,0
2003,KANSAS,RUSH,51.0,130100,0,0
2022,KANSAS,RUSSELL,46.7,68000,2,0
2021,KANSAS,RUSSELL,43.0,67500,2,0
2020,KANSAS,RUSSELL,45.6,68000,2,0
2019,KANSAS,RUSSELL,52.0,64200,2,0
2018,KANSAS,RUSSELL,33.3,72500,2,0
2017,KANSAS,RUSSELL,50.3,68600,2,0
2016,KANSAS,RUSSELL,53.5,73000,2,0
2015,KANSAS,RUSSELL,34.8,74400,2,0
2014,KANSAS,RUSSELL,37.3,0,2,1
2013,KANSAS,RUSSELL,39.8,0,2,1
2012,KANSAS,RUSSELL,42.2,74000,2,0
2011,KANSAS,RUSSELL,37.6,74300,2,0
2010,KANSAS,RUSSELL,45.7,77200,2,0
2009,KANSAS,RUSSELL,41.0,77000,2,0
2008,KANSAS,RUSSELL,45.0,91000,2,0
2007,KANSAS,RUSSELL,29.0,92200,0,0
2006,KANSAS,RUSSELL,25.0,100600,0,0
2005,KANSAS,RUSSELL,42.0,97800,0,0
2004,KANSAS,RUSSELL,36.0,97600,0,0
2003,KANSAS,RUSSELL,54.0,99800,0,0
2022,KANSAS,SALINE,37.7,105500,2,0
2021,KANSAS,SALINE,49.5,101500,2,0
2020,KANSAS,SALINE,45.9,111500,2,0
2019,KANSAS,SALINE,44.3,92300,2,0
2018,KANSAS,SALINE,30.9,113600,2,0
2017,KANSAS,SALINE,52.2,112800,2,0
2016,KANSAS,SALINE,52.3,121400,2,0
2015,KANSAS,SALINE,38.6,121000,2,0
2014,KANSAS,SALINE,29.6,139600,2,0
2013,KANSAS,SALINE,52.9,140800,2,0
2012,KANSAS,SALINE,45.1,133600,2,0
2011,KANSAS,SALINE,43.6,125000,2,0
2010,KANSAS,SALINE,41.2,116600,2,0
2009,KANSAS,SALINE,47.0,138000,2,0
2008,KANSAS,SALINE,46.0,149000,2,0
2007,KANSAS,SALINE,15.0,152700,0,0
2006,KANSAS,SALINE,44.0,147300,0,0
2005,KANSAS,SALINE,42.0,147400,0,0
2004,KANSAS,SALINE,48.0,144300,0,0
2003,KANSAS,SALINE,62.0,145700,0,0
2022,KANSAS,SCOTT,38.9,122500,2,0
2021,KANSAS,SCOTT,37.5,0,2,1
2020,KANSAS,SCOTT,36.0,105000,2,0
2019,KANSAS,SCOTT,36.3,0,2,1
2018,KANSAS,SCOTT,36.7,130300,2,0
2017,KANSAS,SCOTT,52.3,134700,2,0
2016,KANSAS,SCOTT,46.2,0,2,1
2015,KANSAS,SCOTT,40.1,0,2,1
2014,KANSAS,SCOTT,34.0,0,2,1
2013,KANSAS,SCOTT,27.9,149600,2,0
2012,KANSAS,SCOTT,30.0,146000,2,0
2011,KANSAS,SCOTT,36.0,130000,2,0
2010,KANSAS,SCOTT,56.6,131500,2,0
2009,KANSAS,SCOTT,50.0,151000,2,0
2008,KANSAS,SCOTT,41.0,147200,2,0
2007,KANSAS,SCOTT,56.0,146400,0,0
2006,KANSAS,SCOTT,34.0,149500,0,0
2005,KANSAS,SCOTT,43.0,150100,0,0
2004,KANSAS,SCOTT,25.0,146200,0,0
2003,KANSAS,SCOTT,46.0,153700,0,0
2022,KANSAS,SEDGWICK,35.0,144500,2,0
2021,KANSAS,SEDGWICK,48.4,144000,2,0
2020,KANSAS,SEDGWICK,49.1,143500,2,0
2019,KANSAS,SEDGWICK,40.3,124000,2,0
2018,KANSAS,SEDGWICK,35.2,150400,2,0
2017,KANSAS,SEDGWICK,47.4,148700,2,0
2016,KANSAS,SEDGWICK,48.5,166300,2,0
2015,KANSAS,SEDGWICK,38.3,175600,2,0
2014,KANSAS,SEDGWICK,26.2,184600,2,0
2013,KANSAS,SEDGWICK,48.6,184700,2,0
2012,KANSAS,SEDGWICK,48.4,189000,2,0
2011,KANSAS,SEDGWICK,28.3,170000,2,0
2010,KANSAS,SEDGWICK,37.6,153000,2,0
2009,KANSAS,SEDGWICK,34.0,185000,2,0
2008,KANSAS,SEDGWICK,41.5,199000,2,0
2007,KANSAS,SEDGWICK,12.0,207700,0,0
2006,KANSAS,SEDGWICK,38.0,198300,0,0
2005,KANSAS,SEDGWICK,39.0,202500,0,0
2004,KANSAS,SEDGWICK,44.0,196000,0,0
2003,KANSAS,SEDGWICK,43.0,197500,0,0
2022,KANSAS,SEWARD,23.9,47500,2,0
2021,KANSAS,SEWARD,53.9,52400,2,0
2020,KANSAS,SEWARD,48.1,40500,2,0
2019,KANSAS,SEWARD,59.4,54100,2,0
2018,KANSAS,SEWARD,34.8,52300,2,0
2017,KANSAS,SEWARD,46.8,50600,2,0
2016,KANSAS,SEWARD,62.1,59900,2,0
2015,KANSAS,SEWARD,39.9,69900,2,0
2014,KANSAS,SEWARD,30.7,64200,2,0
2013,KANSAS,SEWARD,32.7,0,2,1
2012,KANSAS,SEWARD,34.6,66500,2,0
2011,KANSAS,SEWARD,27.2,63500,2,0
2010,KANSAS,SEWARD,47.8,61900,2,0
2009,KANSAS,SEWARD,39.0,71000,2,0
2008,KANSAS,SEWARD,31.0,60100,2,0
2007,KANSAS,SEWARD,53.0,69700,0,0
2006,KANSAS,SEWARD,23.0,62600,0,0
2005,KANSAS,SEWARD,47.0,67300,0,0
2004,KANSAS,SEWARD,32.0,71700,0,0
2003,KANSAS,SEWARD,29.0,83500,0,0
2022,KANSAS,SHAWNEE,50.1,1300,0,0
2021,KANSAS,SHAWNEE,42.9,1900,1,0
2020,KANSAS,SHAWNEE,43.7,700,0,0
2019,KANSAS,SHAWNEE,38.6,2200,0,0
2018,KANSAS,SHAWNEE,50.6,2500,0,0
2017,KANSAS,SHAWNEE,50.4,2200,0,0
2016,KANSAS,SHAWNEE,46.0,3900,0,0
2015,KANSAS,SHAWNEE,44.1,6300,1,0
2014,KANSAS,SHAWNEE,49.9,4700,1,0
2013,KANSAS,SHAWNEE,65.3,7400,2,0
2012,KANSAS,SHAWNEE,39.6,5400,2,0
2011,KANSAS,SHAWNEE,42.8,3300,0,0
2010,KANSAS,SHAWNEE,31.0,1100,0,0
2009,KANSAS,SHAWNEE,36.5,4000,0,0
2008,KANSAS,SHAWNEE,31.0,7400,0,0
2007,KANSAS,SHAWNEE,23.0,9600,0,0
2006,KANSAS,SHAWNEE,45.0,5200,0,0
2005,KANSAS,SHAWNEE,32.0,5200,0,0
2004,KANSAS,SHAWNEE,50.0,9500,0,0
2003,KANSAS,SHAWNEE,59.0,7500,0,0
2022,KANSAS,SHERIDAN,44.9,0,2,1
2021,KANSAS,SHERIDAN,44.9,0,2,1
2020,KANSAS,SHERIDAN,46.8,63000,2,0
2019,KANSAS,SHERIDAN,51.0,0,2,1
2018,KANSAS,SHERIDAN,55.2,0,2,1
2017,KANSAS,SHERIDAN,59.4,0,2,1
2016,KANSAS,SHERIDAN,63.5,91000,2,0
2015,KANSAS,SHERIDAN,51.4,0,2,1
2014,KANSAS,SHERIDAN,39.2,92100,2,0
2013,KANSAS,SHERIDAN,42.4,0,2,1
2012,KANSAS,SHERIDAN,45.6,93500,2,0
2011,KANSAS,SHERIDAN,36.7,83000,2,0
2010,KANSAS,SHERIDAN,52.4,86700,2,0
2009,KANSAS,SHERIDAN,59.0,97000,2,0
2008,KANSAS,SHERIDAN,33.0,100100,2,0
2007,KANSAS,SHERIDAN,45.0,114600,0,0
2006,KANSAS,SHERIDAN,17.0,101500,0,0
2005,KANSAS,SHERIDAN,45.0,127100,0,0
2004,KANSAS,SHERIDAN,23.0,119900,0,0
2003,KANSAS,SHERIDAN,42.0,120900,0,0
2022,KANSAS,SHERMAN,34.4,128500,2,0
2021,KANSAS,SHERMAN,53.8,136500,2,0
2020,KANSAS,SHERMAN,36.7,114000,2,0
2019,KANSAS,SHERMAN,61.6,135900,2,0
2018,KANSAS,SHERMAN,40.1,160100,2,0
2017,KANSAS,SHERMAN,51.3,152900,2,0
2016,KANSAS,SHERMAN,68.4,159400,2,0
2015,KANSAS,SHERMAN,43.8,182400,2,0
2014,KANSAS,SHERMAN,36.4,223100,2,0
2013,KANSAS,SHERMAN,25.1,163000,2,0
2012,KANSAS,SHERMAN,44.3,158000,2,0
2011,KANSAS,SHERMAN,47.6,165000,2,0
2010,KANSAS,SHERMAN,53.5,168500,2,0
2009,KANSAS,SHERMAN,53.0,175000,2,0
2008,KANSAS,SHERMAN,32.0,156300,2,0
2007,KANSAS,SHERMAN,46.0,176900,0,0
2006,KANSAS,SHERMAN,22.0,193500,0,0
2005,KANSAS,SHERMAN,27.0,198200,0,0
2004,KANSAS,SHERMAN,18.0,174900,0,0
2003,KANSAS,SHERMAN,36.0,196900,0,0
2022,KANSAS,SMITH,42.6,78800,2,0
2021,KANSAS,SMITH,57.9,70300,2,0
2020,KANSAS,SMITH,38.5,78000,2,0
2019,KANSAS,SMITH,39.3,0,2,1
2018,KANSAS,SMITH,40.1,101000,2,0
2017,KANSAS,SMITH,47.9,96200,2,0
2016,KANSAS,SMITH,67.4,113200,2,0
2015,KANSAS,SMITH,31.0,126700,2,0
2014,KANSAS,SMITH,33.7,131400,2,0
2013,KANSAS,SMITH,30.2,137100,2,0
2012,KANSAS,SMITH,44.8,119000,2,0
2011,KANSAS,SMITH,42.3,131000,2,0
2010,KANSAS,SMITH,44.5,130000,2,0
2009,KANSAS,SMITH,49.0,125500,2,0
2008,KANSAS,SMITH,43.0,147000,2,0
2007,KANSAS,SMITH,31.0,158500,0,0
2006,KANSAS,SMITH,45.0,151600,0,0
2005,KANSAS,SMITH,43.0,151800,0,0
2004,KANSAS,SMITH,36.0,151300,0,0
2003,KANSAS,SMITH,55.0,144100,0,0
2022,KANSAS,STAFFORD,27.3,132000,2,0
2021,KANSAS,STAFFORD,38.4,0,2,1
2020,KANSAS,STAFFORD,49.4,118500,2,0
2019,KANSAS,STAFFORD,46.2,0,2,1
2018,KANSAS,STAFFORD,42.9,126100,2,0
2017,KANSAS,STAFFORD,52.9,121700,2,0
2016,KANSAS,STAFFORD,48.0,0,2,1
2015,KANSAS,STAFFORD,43.0,134000,2,0
2014,KANSAS,STAFFORD,28.4,150100,2,0
2013,KANSAS,STAFFORD,36.1,155400,2,0
2012,KANSAS,STAFFORD,34.4,0,2,1
2011,KANSAS,STAFFORD,32.6,134000,2,0
2010,KANSAS,STAFFORD,41.9,134500,2,0
2009,KANSAS,STAFFORD,37.0,143500,2,0
2008,KANSAS,STAFFORD,42.5,153200,2,0
2007,KANSAS,STAFFORD,18.0,154900,0,0
2006,KANSAS,STAFFORD,36.0,144600,0,0
2005,KANSAS,STAFFORD,43.0,143900,0,0
2004,KANSAS,STAFFORD,43.0,147400,0,0
2003,KANSAS,STAFFORD,57.0,141800,0,0
2022,KANSAS,STANTON,46.9,0,2,1
2021,KANSAS,STANTON,36.8,144000,2,0
2020,KANSAS,STANTON,39.4,0,2,1
2019,KANSAS,STANTON,42.0,0,2,1
2018,KANSAS,STANTON,44.6,0,2,1
2017,KANSAS,STANTON,47.0,111800,2,0
2016,KANSAS,STANTON,45.76,0,2,1
2015,KANSAS,STANTON,44.52,0,2,1
2014,KANSAS,STANTON,43.28,0,2,1
2013,KANSAS,STANTON,42.04,0,2,1
2012,KANSAS,STANTON,40.8,118500,2,0
2011,KANSAS,STANTON,29.8,118500,2,0
2010,KANSAS,STANTON,48.7,103500,2,0
2009,KANSAS,STANTON,38.0,159000,2,0
2008,KANSAS,STANTON,32.5,95700,2,0
2007,KANSAS,STANTON,53.0,138900,0,0
2006,KANSAS,STANTON,24.0,103400,0,0
2005,KANSAS,STANTON,48.0,129400,0,0
2004,KANSAS,STANTON,31.0,109500,0,0
2003,KANSAS,STANTON,35.0,157900,0,0
2022,KANSAS,STEVENS,30.0,73500,2,0
2021,KANSAS,STEVENS,43.4,72900,2,0
2020,KANSAS,STEVENS,47.2,54800,2,0
2019,KANSAS,STEVENS,54.6,69600,2,0
2018,KANSAS,STEVENS,31.9,68300,2,0
2017,KANSAS,STEVENS,41.8,63300,2,0
2016,KANSAS,STEVENS,58.2,74200,2,0
2015,KANSAS,STEVENS,36.4,86000,2,0
2014,KANSAS,STEVENS,33.7,83300,2,0
2013,KANSAS,STEVENS,29.7,85700,2,0
2012,KANSAS,STEVENS,33.1,90500,2,0
2011,KANSAS,STEVENS,29.2,79500,2,0
2010,KANSAS,STEVENS,49.9,84400,2,0
2009,KANSAS,STEVENS,36.5,102500,2,0
2008,KANSAS,STEVENS,46.3,0,2,1
2007,KANSAS,STEVENS,56.0,92900,0,0
2006,KANSAS,STEVENS,35.0,86100,0,0
2005,KANSAS,STEVENS,52.0,86300,0,0
2004,KANSAS,STEVENS,37.0,88800,0,0
2003,KANSAS,STEVENS,38.0,110200,0,0
2022,KANSAS,SUMNER,34.7,316500,2,0
2021,KANSAS,SUMNER,48.0,304500,2,0
2020,KANSAS,SUMNER,49.2,300000,2,0
2019,KANSAS,SUMNER,35.3,276000,2,0
2018,KANSAS,SUMNER,37.7,321700,2,0
2017,KANSAS,SUMNER,46.1,323400,2,0
2016,KANSAS,SUMNER,46.7,357700,2,0
2015,KANSAS,SUMNER,24.8,367300,2,0
2014,KANSAS,SUMNER,20.6,373500,2,0
2013,KANSAS,SUMNER,47.8,389900,2,0
2012,KANSAS,SUMNER,47.7,377500,2,0
2011,KANSAS,SUMNER,32.1,343000,2,0
2010,KANSAS,SUMNER,36.9,330500,2,0
2009,KANSAS,SUMNER,27.0,376000,2,0
2008,KANSAS,SUMNER,37.0,408500,2,0
2007,KANSAS,SUMNER,17.0,399000,0,0
2006,KANSAS,SUMNER,35.0,381200,0,0
2005,KANSAS,SUMNER,39.0,371500,0,0
2004,KANSAS,SUMNER,43.0,386400,0,0
2003,KANSAS,SUMNER,40.0,397100,0,0
2022,KANSAS,THOMAS,37.9,0,2,1
2021,KANSAS,THOMAS,35.9,0,2,1
2020,KANSAS,THOMAS,33.8,113500,2,0
2019,KANSAS,THOMAS,35.1,0,2,1
2018,KANSAS,THOMAS,36.4,0,2,1
2017,KANSAS,THOMAS,37.7,0,2,1
2016,KANSAS,THOMAS,39.0,0,2,1
2015,KANSAS,THOMAS,40.4,197800,2,0
2014,KANSAS,THOMAS,43.4,0,2,1
2013,KANSAS,THOMAS,46.3,0,2,1
2012,KANSAS,THOMAS,49.1,179500,2,0
2011,KANSAS,THOMAS,44.0,162000,2,0
2010,KANSAS,THOMAS,51.7,159000,2,0
2009,KANSAS,THOMAS,44.0,190000,2,0
2008,KANSAS,THOMAS,39.5,183800,2,0
2007,KANSAS,THOMAS,42.0,207900,0,0
2006,KANSAS,THOMAS,20.0,187200,0,0
2005,KANSAS,THOMAS,36.0,230700,0,0
2004,KANSAS,THOMAS,21.0,194400,0,0
2003,KANSAS,THOMAS,41.0,218900,0,0
2022,KANSAS,TREGO,38.4,76400,2,0
2021,KANSAS,TREGO,57.2,75900,2,0
2020,KANSAS,TREGO,43.6,76400,2,0
2019,KANSAS,TREGO,41.2,0,2,1
2018,KANSAS,TREGO,38.8,0,2,1
2017,KANSAS,TREGO,36.4,0,2,1
2016,KANSAS,TREGO,34.0,0,2,1
2015,KANSAS,TREGO,31.5,90400,2,0
2014,KANSAS,TREGO,22.5,86600,2,0
2013,KANSAS,TREGO,29.5,91800,2,0
2012,KANSAS,TREGO,27.1,0,2,1
2011,KANSAS,TREGO,24.7,95000,2,0
2010,KANSAS,TREGO,48.2,96100,2,0
2009,KANSAS,TREGO,50.0,89000,2,0
2008,KANSAS,TREGO,39.0,93800,2,0
2007,KANSAS,TREGO,30.0,94400,0,0
2006,KANSAS,TREGO,14.0,94300,0,0
2005,KANSAS,TREGO,31.0,102400,0,0
2004,KANSAS,TREGO,20.0,99900,0,0
2003,KANSAS,TREGO,45.0,93300,0,0
2022,KANSAS,WABAUNSEE,43.0,0,1,1
2021,KANSAS,WABAUNSEE,0.0,0,0,1
2020,KANSAS,WABAUNSEE,35.4,1400,0,0
2019,KANSAS,WABAUNSEE,47.1,3000,0,0
2018,KANSAS,WABAUNSEE,0.0,0,0,1
2017,KANSAS,WABAUNSEE,0.0,0,0,1
2016,KANSAS,WABAUNSEE,50.9,3900,0,0
2015,KANSAS,WABAUNSEE,0.0,0,0,1
2014,KANSAS,WABAUNSEE,44.2,5100,1,0
2013,KANSAS,WABAUNSEE,56.2,8200,2,0
2012,KANSAS,WABAUNSEE,41.9,5700,1,0
2011,KANSAS,WABAUNSEE,38.3,5300,2,0
2010,KANSAS,WABAUNSEE,35.0,2300,0,0
2009,KANSAS,WABAUNSEE,45.0,4800,0,0
2008,KANSAS,WABAUNSEE,29.0,8300,1,0
2007,KANSAS,WABAUNSEE,18.0,10800,0,0
2006,KANSAS,WABAUNSEE,46.0,7400,0,0
2005,KANSAS,WABAUNSEE,36.0,7900,0,0
2004,KANSAS,WABAUNSEE,48.0,10500,0,0
2003,KANSAS,WABAUNSEE,57.0,8100,0,0
2022,KANSAS,WALLACE,38.3,75000,2,0
2021,KANSAS,WALLACE,46.1,70400,2,0
2020,KANSAS,WALLACE,36.1,56800,2,0
2019,KANSAS,WALLACE,36.1,0,2,1
2018,KANSAS,WALLACE,36.1,74800,2,0
2017,KANSAS,WALLACE,37.9,85400,2,0
2016,KANSAS,WALLACE,61.9,87900,2,0
2015,KANSAS,WALLACE,37.8,105500,2,0
2014,KANSAS,WALLACE,33.9,125400,2,0
2013,KANSAS,WALLACE,36.4,0,2,1
2012,KANSAS,WALLACE,36.4,0,2,1
2011,KANSAS,WALLACE,36.4,87000,2,0
2010,KANSAS,WALLACE,50.1,93500,2,0
2009,KANSAS,WALLACE,40.0,102000,2,0
2008,KANSAS,WALLACE,43.0,0,2,1
2007,KANSAS,WALLACE,46.0,100400,0,0
2006,KANSAS,WALLACE,23.0,100200,0,0
2005,KANSAS,WALLACE,31.0,107800,0,0
2004,KANSAS,WALLACE,23.0,95500,0,0
2003,KANSAS,WALLACE,44.0,113600,0,0
2022,KANSAS,WASHINGTON,52.0,25100,2,0
2021,KANSAS,WASHINGTON,55.0,24200,2,0
2020,KANSAS,WASHINGTON,45.2,23000,1,0
2019,KANSAS,WASHINGTON,42.3,0,2,1
2018,KANSAS,WASHINGTON,39.4,0,2,1
2017,KANSAS,WASHINGTON,0.0,0,0,1
2016,KANSAS,WASHINGTON,33.6,0,2,1
2015,KANSAS,WASHINGTON,30.5,61400,2,0
2014,KANSAS,WASHINGTON,32.3,77300,2,0
2013,KANSAS,WASHINGTON,55.2,78100,2,0
2012,KANSAS,WASHINGTON,44.5,71300,2,0
2011,KANSAS,WASHINGTON,37.9,75900,2,0
2010,KANSAS,WASHINGTON,44.3,75500,2,0
2009,KANSAS,WASHINGTON,51.0,80500,2,0
2008,KANSAS,WASHINGTON,44.0,90100,2,0
2007,KANSAS,WASHINGTON,31.0,100500,0,0
2006,KANSAS,WASHINGTON,44.0,87900,0,0
2005,KANSAS,WASHINGTON,44.0,92400,0,0
2004,KANSAS,WASHINGTON,53.0,99600,0,0
2003,KANSAS,WASHINGTON,60.0,97600,0,0
2022,KANSAS,WICHITA,38.5,129000,2,0
2021,KANSAS,WICHITA,54.0,128500,2,0
2020,KANSAS,WICHITA,40.0,107500,2,0
2019,KANSAS,WICHITA,69.8,134000,2,0
2018,KANSAS,WICHITA,36.1,130100,2,0
2017,KANSAS,WICHITA,37.3,126400,2,0
2016,KANSAS,WICHITA,66.3,140200,2,0
2015,KANSAS,WICHITA,36.8,159800,2,0
2014,KANSAS,WICHITA,31.5,0,2,1
2013,KANSAS,WICHITA,26.2,146000,2,0
2012,KANSAS,WICHITA,43.3,162000,2,0
2011,KANSAS,WICHITA,32.2,139000,2,0
2010,KANSAS,WICHITA,49.8,135000,2,0
2009,KANSAS,WICHITA,42.0,154000,2,0
2008,KANSAS,WICHITA,35.0,130300,2,0
2007,KANSAS,WICHITA,55.0,147200,0,0
2006,KANSAS,WICHITA,32.0,134400,0,0
2005,KANSAS,WICHITA,48.0,154700,0,0
2004,KANSAS,WICHITA,27.0,141300,0,0
2003,KANSAS,WICHITA,41.0,162300,0,0
2022,KANSAS,WILSON,59.4,38000,0,0
2021,KANSAS,WILSON,53.4,35100,0,0
2020,KANSAS,WILSON,46.2,14400,0,0
2019,KANSAS,WILSON,49.2,0,1,1
2018,KANSAS,WILSON,52.2,35500,0,0
2017,KANSAS,WILSON,52.4,22600,0,0
2016,KANSAS,WILSON,60.5,35400,0,0
2015,KANSAS,WILSON,41.8,43100,1,0
2014,KANSAS,WILSON,43.9,33600,0,0
2013,KANSAS,WILSON,55.5,50000,2,0
2012,KANSAS,WILSON,57.9,41700,1,0
2011,KANSAS,WILSON,33.9,26500,1,0
2010,KANSAS,WILSON,27.6,6000,0,0
2009,KANSAS,WILSON,30.0,23500,1,0
2008,KANSAS,WILSON,22.5,0,2,1
2007,KANSAS,WILSON,15.0,50500,0,0
2006,KANSAS,WILSON,43.0,41600,0,0
2005,KANSAS,WILSON,35.0,23300,0,0
2004,KANSAS,WILSON,38.0,43000,0,0
2003,KANSAS,WILSON,49.0,44900,0,0
2022,KANSAS,WOODSON,40.0,11000,0,0
2021,KANSAS,WOODSON,47.4,12500,2,0
2020,KANSAS,WOODSON,43.3,4200,0,0
2019,KANSAS,WOODSON,0.0,0,0,1
2018,KANSAS,WOODSON,47.5,8500,0,0
2017,KANSAS,WOODSON,38.6,4700,1,0
2016,KANSAS,WOODSON,55.2,11000,2,0
2015,KANSAS,WOODSON,41.5,16000,2,0
2014,KANSAS,WOODSON,45.0,0,2,1
2013,KANSAS,WOODSON,48.5,0,2,1
2012,KANSAS,WOODSON,52.0,14000,1,0
2011,KANSAS,WOODSON,36.2,10100,0,0
2010,KANSAS,WOODSON,33.5,2500,0,0
2009,KANSAS,WOODSON,32.0,10300,0,0
2008,KANSAS,WOODSON,21.0,12000,2,0
2007,KANSAS,WOODSON,10.0,23100,0,0
2006,KANSAS,WOODSON,40.0,17800,0,0
2005,KANSAS,WOODSON,23.0,11600,0,0
2004,KANSAS,WOODSON,33.0,21500,0,0
2003,KANSAS,WOODSON,56.0,21200,0,0
2022,KANSAS,WYANDOTTE,0.0,0,0,1
2021,KANSAS,WYANDOTTE,0.0,0,0,1
2020,KANSAS,WYANDOTTE,0.0,0,1,1
2019,KANSAS,WYANDOTTE,0.0,0,0,1
2018,KANSAS,WYANDOTTE,0.0,0,0,1
2017,KANSAS,WYANDOTTE,0.0,0,0,1
2016,KANSAS,WYANDOTTE,0.0,0,1,1
2015,KANSAS,WYANDOTTE,0.0,0,0,1
2014,KANSAS,WYANDOTTE,0.0,0,1,1
2013,KANSAS,WYANDOTTE,0.0,0,1,1
2012,KANSAS,WYANDOTTE,0.0,0,0,1
2011,KANSAS,WYANDOTTE,0.0,0,0,1
2010,KANSAS,WYANDOTTE,0.0,0,0,1
2009,KANSAS,WYANDOTTE,0.0,0,0,1
2008,KANSAS,WYANDOTTE,0.0,0,1,1
2007,KANSAS,WYANDOTTE,20.0,600,0,0
2006,KANSAS,WYANDOTTE,43.0,400,0,0
2005,KANSAS,WYANDOTTE,43.0,400,0,0
2004,KANSAS,WYANDOTTE,49.0,800,0,0
2003,KANSAS,WYANDOTTE,63.0,400,0,0
